slug,url,points,first_date,last_date,distinct_dates
Alaves,https://clubelo.com/Alaves,168,2022-08-28,2026-08-20,168
Almeria,https://clubelo.com/Almeria,174,2022-08-22,2026-08-17,174
athletic-club,https://clubelo.com/athletic-club,193,2022-08-21,2026-05-23,193
atletico,https://clubelo.com/atletico,220,2022-08-21,2026-08-19,220
Barcelona,https://clubelo.com/Barcelona,219,2022-08-21,2026-05-23,219
Betis,https://clubelo.com/Betis,205,2022-08-20,2026-05-23,205
Cadiz,https://clubelo.com/Cadiz,164,2022-08-20,2026-08-15,164
rc-celta,https://clubelo.com/rc-celta,175,2022-08-20,2026-05-23,175
Elche,https://clubelo.com/Elche,169,2022-08-22,2026-08-17,169
Espanyol,https://clubelo.com/Espanyol,164,2022-08-28,2026-08-16,164
Getafe,https://clubelo.com/Getafe,161,2022-08-22,2026-08-20,161
Girona,https://clubelo.com/Girona,164,2022-08-22,2026-08-16,164
Granada,https://clubelo.com/Granada,168,2022-08-20,2026-08-15,168
LasPalmas,https://clubelo.com/LasPalmas,168,2022-08-22,2026-08-16,168
Leganes,https://clubelo.com/Leganes,171,2022-08-21,2026-08-16,171
Levante,https://clubelo.com/Levante,174,2022-08-20,2026-08-16,174
Mallorca,https://clubelo.com/Mallorca,163,2022-08-20,2026-08-15,163
Osasuna,https://clubelo.com/Osasuna,169,2022-08-20,2026-05-23,169
Oviedo,https://clubelo.com/Oviedo,175,2022-08-21,2026-08-15,175
realmadrid,https://clubelo.com/realmadrid,235,2022-08-20,2026-05-23,235
Sevilla,https://clubelo.com/Sevilla,180,2022-08-27,2026-08-15,180
Sociedad,https://clubelo.com/Sociedad,197,2022-08-21,2026-05-23,197
Valencia,https://clubelo.com/Valencia,162,2022-08-21,2026-05-23,162
Valladolid,https://clubelo.com/Valladolid,162,2022-08-28,2026-08-15,162
RayoVallecano,https://clubelo.com/RayoVallecano,175,2022-08-27,2026-08-20,175
Villarreal,https://clubelo.com/Villarreal,182,2022-08-21,2026-08-16,182
