Round,Day,Date,Time,Home,Score,Away,Attendance,Venue,Referee,Match Report,Notes
First round proper,Fri,2023-11-03,19:45 (20:45),Sheppey/Sheer.,1–4,Walsall,1450,The Total Power Stadium,Tom Reeves,Match Report,
First round proper,Fri,2023-11-03,19:45 (20:45),Barnsley,3–3,Horsham FC,4463,Oakwell Stadium,Ben Toner,Match Report,
First round proper,Sat,2023-11-04,13:30 (14:30),Northampton,1–3,Barrow,3187,Sixfields Stadium,Paul Howard,Match Report,
First round proper,Sat,2023-11-04,15:00 (16:00),Bradford City,1–2,Wycombe,3642,University of Bradford Stadium,Declan Bourne,Match Report,
First round proper,Sat,2023-11-04,15:00 (16:00),Scarborough,1–1,Forest Green,3209,Flamingo Land Stadium,Marc Edwards,Match Report,
First round proper,Sat,2023-11-04,15:00 (16:00),Bristol Rovers,7–2,Whitby Town FC,4329,Memorial Stadium,Ruebyn Ricardo,Match Report,
First round proper,Sat,2023-11-04,15:00 (16:00),Marine FC,1–5,Harrogate Town,2071,The Marine Travel Arena,Michael Barlow,Match Report,
First round proper,Sat,2023-11-04,15:00 (16:00),Port Vale,0–0,Burton Albion,4245,Vale Park,Simon Mather,Match Report,
First round proper,Sat,2023-11-04,15:00 (16:00),Newport County,2–0,Oldham Athletic,2541,Rodney Parade,David Middleton,Match Report,
First round proper,Sat,2023-11-04,15:00 (16:00),Sutton United,2–1,Fylde,1262,VBS Community Stadium,James Durkin,Match Report,
First round proper,Sat,2023-11-04,15:00 (16:00),Lincoln City,1–2,Morecambe,4607,LNER Stadium,Martin Coy,Match Report,
First round proper,Sat,2023-11-04,15:00 (16:00),Bolton,4–0,Solihull Moors,5523,Toughsheet Community Stadium,Scott Simpson,Match Report,
First round proper,Sat,2023-11-04,15:00 (16:00),Doncaster,2–2,Accrington,3226,Eco-Power Stadium,Alan Young,Match Report,
First round proper,Sat,2023-11-04,15:00 (16:00),Leyton Orient,3–1,Carlisle United,3808,Gaughan Group Stadium,Seb Stockbridge,Match Report,
First round proper,Sat,2023-11-04,15:00 (16:00),Chesham United,0–2,Maidstone Utd,2984,The Meadow,Wayne Cartmel,Match Report,
First round proper,Sat,2023-11-04,15:00 (16:00),Peterborough,2–2,Salford City FC,4066,Weston Homes Stadium,Sam Purkiss,Match Report,
First round proper,Sat,2023-11-04,15:00 (16:00),Yeovil Town,3–2,Gateshead,3241,Huish Park Stadium,Gary Parsons,Match Report,
First round proper,Sat,2023-11-04,15:00 (16:00),Ramsgate FC,2–1,Woking,3000,WW Martin Community Stadium,Stephen Parkinson,Match Report,
First round proper,Sat,2023-11-04,15:00 (16:00),Shrewsbury,3–2,Colchester,3011,The Croud Meadow,Scott Jackson,Match Report,
First round proper,Sat,2023-11-04,15:00 (16:00),Reading,3–2,MK Dons,4325,Select Car Leasing Stadium,Thomas Kirk,Match Report,
First round proper,Sat,2023-11-04,15:00 (16:00),Chester,0–0,York City,3329,Lookers Vauxhall Stadium,Dean Watson,Match Report,
First round proper,Sat,2023-11-04,15:00 (16:00),Oxford United,2–0,Maidenhead,4094,The Kassam Stadium,Dale Baines,Match Report,
First round proper,Sat,2023-11-04,15:00 (16:00),Eastleigh,5–1,Boreham Wood,1727,Silverlake Stadium,Jamie O'Connor,Match Report,
First round proper,Sat,2023-11-04,15:00 (16:00),Cambridge,2–1,Bracknell Town,3411,Cledara Abbey Stadium,Richie Watkins,Match Report,
First round proper,Sat,2023-11-04,15:00 (16:00),AFC Wimbledon,5–1,Cheltenham,4975,The Cherry Red Records Stadium,Alan Young,Match Report,
First round proper,Sat,2023-11-04,15:00 (16:00),Hereford,0–2,Gillingham,4376,Edgar Street Athletic Ground,Oliver Yates,Match Report,
First round proper,Sat,2023-11-04,15:00 (16:00),Stevenage,4–3,Tranmere Rovers,2404,The Lamex Stadium,Neil Hair,Match Report,
First round proper,Sat,2023-11-04,15:00 (16:00),Stockport,5–1,Worksop Town,6443,Edgeley Park,Aaron Jackson,Match Report,
First round proper,Sat,2023-11-04,15:00 (16:00),Curzon Ashton,0–1,Barnet,626,Tameside Stadium,Gareth Rhodes,Match Report,
First round proper,Sat,2023-11-04,15:00 (16:00),Swindon Town,4–7,Aldershot Town,6372,The Energy Check County Ground,Carl Brook,Match Report,
First round proper,Sat,2023-11-04,15:00 (16:00),Exeter City,0–2,Wigan Athletic,3512,St. James' Park,Craig Hicks,Match Report,
First round proper,Sat,2023-11-04,15:00 (16:00),Notts County,3–2,Crawley Town,3952,Meadow Lane Stadium,Peter Wright,Match Report,
First round proper,Sat,2023-11-04,15:00 (16:00),Alfreton Town,2–0,Worthing FC,1043,The Impact Arena,Paul Marsden,Match Report,
First round proper,Sat,2023-11-04,17:45 (18:45),Bromley,0–2,Blackpool,4455,Reloc8 Em Community Stadium,David Rock,Match Report,
First round proper,Sat,2023-11-04,19:45 (20:45),Mansfield Town,1–2,Wrexham,6158,One Call Stadium,Edward Duckworth,Match Report,
First round proper,Sun,2023-11-05,12:15 (13:15),Chesterfield,1–0,Portsmouth,8377,SMH Group Stadium,Will Finnie,Match Report,
First round proper,Sun,2023-11-05,14:00 (15:00),Kidderminster,1–2,Fleetwood Town,2496,Aggborough Stadium,Matthew Corlett,Match Report,
First round proper,Sun,2023-11-05,14:00 (15:00),Slough Town FC,1–1,Grimsby Town,2205,Arbour Park,Ben Atkinson,Match Report,
First round proper,Sun,2023-11-05,14:45 (15:45),Crewe Alexandra,2–2,Derby County,5201,Mornflake Stadium,Scott Oldham,Match Report,
First round proper,Sun,2023-11-05,17:30 (18:30),Charlton Athletic,1–1,Cray Valley,6721,The Valley,Ben Speedie,Match Report,
First round proper,Tue,2023-11-14,19:30 (20:30),Horsham FC,0–3,Barnsley,1980,The Camping World Community Stadium,Sunny Gill,Match Report,
First round proper,Tue,2023-11-14,19:45 (20:45),York City,2–1,Chester,3850,LNER Community Stadium,Aaron Bannister,Match Report,
First round proper,Tue,2023-11-14,19:45 (20:45),Burton Albion,0–2,Port Vale,2533,Pirelli Stadium,Adam Herczeg,Match Report,
First round proper,Tue,2023-11-14,19:45 (20:45),Derby County,1–3,Crewe Alexandra,6439,Pride Park Stadium,Chris Pollard,Match Report,
First round proper,Tue,2023-11-14,19:45 (20:45),Forest Green,5–2,Scarborough,1146,The Bolt New Lawn,Paul Howard,Match Report,
First round proper,Tue,2023-11-14,19:45 (20:45),Accrington,1–2,Doncaster,1136,Wham Stadium,Scott Tallis,Match Report,Required Extra Time
First round proper,Tue,2023-11-14,19:45 (20:45),Grimsby Town,7–2,Slough Town FC,3079,Blundell Park,Jacob Miles,Match Report,
First round proper,Tue,2023-11-14,19:45 (20:45),Salford City FC,(4) 4–4 (5),Peterborough,1030,The Peninsula Stadium,Darren Drysdale,Match Report,Peterborough won a penalty shoot-out following extra time of the replayed match
First round proper,Wed,2023-11-15,19:45 (20:45),Cray Valley,1–6,Charlton Athletic,1000,The Artic Stadium,Charles Breakspear,Match Report,
Second round proper,Fri,2023-12-01,19:45 (20:45),Notts County,2–3,Shrewsbury,4551,Meadow Lane Stadium,Martin Woods,Match Report,
Second round proper,Fri,2023-12-01,19:45 (20:45),York City,0–1,Wigan Athletic,6613,LNER Community Stadium,Thomas Kirk,Match Report,
Second round proper,Sat,2023-12-02,15:00 (16:00),Newport County,1–1,Barnet,2707,Rodney Parade,Jeremy Simpson,Match Report,
Second round proper,Sat,2023-12-02,15:00 (16:00),Stevenage,1–1,Port Vale,2491,The Lamex Stadium,Tom Reeves,Match Report,
Second round proper,Sat,2023-12-02,15:00 (16:00),Gillingham,2–0,Charlton Athletic,7717,MEMS Priestfield Stadium,Sunny Gill,Match Report,
Second round proper,Sat,2023-12-02,15:00 (16:00),Wycombe,0–2,Morecambe,1604,Adams Park,Peter Wright,Match Report,
Second round proper,Sat,2023-12-02,15:00 (16:00),Sutton United,3–0,Horsham FC,4283,VBS Community Stadium,Scott Tallis,Match Report,
Second round proper,Sat,2023-12-02,15:00 (16:00),Peterborough,2–1,Doncaster,5495,Weston Homes Stadium,Ben Speedie,Match Report,
Second round proper,Sat,2023-12-02,15:00 (16:00),Cambridge,4–0,Fleetwood Town,3387,Cledara Abbey Stadium,Seb Stockbridge,Match Report,
Second round proper,Sat,2023-12-02,15:00 (16:00),Maidstone Utd,2–1,Barrow,2903,Gallagher Stadium,David Rock,Match Report,
Second round proper,Sat,2023-12-02,15:00 (16:00),Bolton,5–1,Harrogate Town,5703,Toughsheet Community Stadium,Tony Harrington,Match Report,
Second round proper,Sat,2023-12-02,15:00 (16:00),Oxford United,2–0,Grimsby Town,4149,The Kassam Stadium,Darren Bond,Match Report,
Second round proper,Sun,2023-12-03,13:30 (14:30),Eastleigh,2–1,Reading,5002,Silverlake Stadium,Lewis Smith,Match Report,
Second round proper,Sun,2023-12-03,14:00 (15:00),Chesterfield,1–0,Leyton Orient,8232,SMH Group Stadium,Scott Oldham,Match Report,
Second round proper,Sun,2023-12-03,14:00 (15:00),Aldershot Town,2–2,Stockport,4756,Electrical Services Stadium,Paul Howard,Match Report,
Second round proper,Sun,2023-12-03,15:45 (16:45),Wrexham,3–0,Yeovil Town,9604,STōK Racecourse,Lee Swabey,Match Report,
Second round proper,Mon,2023-12-04,19:45 (20:45),AFC Wimbledon,5–0,Ramsgate FC,6894,Cherry Red Records Fans' Stadium,Chris Pollard,Match Report,
Second round proper,Tue,2023-12-05,19:45 (20:45),Alfreton Town,0–0,Walsall,1247,The Impact Arena,Samuel Allison,Match Report,
First round proper,Tue,2023-12-12,19:45 (20:45),Scarborough,2–4,Forest Green,2518,Flamingo Land Stadium,Darren Drysdale,Match Report,
Second round proper,Tue,2023-12-12,19:45 (20:45),Port Vale,(3) 3–3 (4),Stevenage,2073,Vale Park,Tom Nield,Match Report,Stevenage won a penalty shoot-out following extra time of the replayed match
Second round proper,Tue,2023-12-12,19:45 (20:45),Crewe Alexandra,2–4,Bristol Rovers,3127,Mornflake Stadium,Declan Bourne,Match Report,
Second round proper,Tue,2023-12-12,19:45 (20:45),Barnet,1–4,Newport County,1451,The Hive Stadium,Craig Hicks,Match Report,
Second round proper,Tue,2023-12-12,19:45 (20:45),Walsall,1–0,Alfreton Town,2112,Poundland Bescot Stadium,Simon Mather,Match Report,
Second round proper,Wed,2023-12-13,19:45 (20:45),Stockport,0–1,Aldershot Town,2855,Edgeley Park,Ben Speedie,Match Report,
Second round proper,Tue,2023-12-19,19:45 (20:45),Blackpool,3–0,Forest Green,3188,Bloomfield Road,Scott Jackson,Match Report,
Third round proper,Thu,2024-01-04,20:00 (21:00),Crystal Palace,0–0,Everton,24489,Selhurst Park,Chris Kavanagh,Match Report,
Third round proper,Fri,2024-01-05,19:15 (20:15),Brentford,1–1,Wolves,16818,Gtech Community Stadium,Tony Harrington,Match Report,
Third round proper,Fri,2024-01-05,19:30 (20:30),Fulham,1–0,Rotherham,15083,Craven Cottage,Simon Hooper,Match Report,
Third round proper,Fri,2024-01-05,20:00 (21:00),Tottenham,1–0,Burnley,60982,Tottenham Hotspur Stadium,Samuel Barrott,Match Report,
Third round proper,Sat,2024-01-06,12:30 (13:30),Coventry City,6–2,Oxford United,18211,Coventry Building Society Arena,Joshua Smith,Match Report,
Third round proper,Sat,2024-01-06,12:30 (13:30),Maidstone Utd,1–0,Stevenage,4024,Gallagher Stadium,Steve Martin,Match Report,
Third round proper,Sat,2024-01-06,12:30 (13:30),AFC Wimbledon,1–3,Ipswich Town,8595,Cherry Red Records Fans' Stadium,Matt Donohue,Match Report,
Third round proper,Sat,2024-01-06,12:30 (13:30),Millwall,2–3,Leicester City,10092,The Den,Oliver Langford,Match Report,
Third round proper,Sat,2024-01-06,12:45 (13:45),Sunderland,0–3,Newcastle,44814,Stadium of Light,Craig Pawson,Match Report,
Third round proper,Sat,2024-01-06,15:00 (16:00),Newport County,1–1,Eastleigh,4966,Rodney Parade,Edward Duckworth,Match Report,
Third round proper,Sat,2024-01-06,15:00 (16:00),Gillingham,0–4,Sheffield United,8809,MEMS Priestfield Stadium,Darren Bond,Match Report,
Third round proper,Sat,2024-01-06,15:00 (16:00),Hull City,1–1,Birmingham City,12200,MKM Stadium,Darren England,Match Report,
Third round proper,Sat,2024-01-06,15:00 (16:00),Watford,2–1,Chesterfield,15932,Vicarage Road Stadium,Gavin Ward,Match Report,
Third round proper,Sat,2024-01-06,15:00 (16:00),Plymouth Argyle,3–1,Sutton United,15643,Home Park,Will Finnie,Match Report,
Third round proper,Sat,2024-01-06,15:00 (16:00),Norwich City,1–1,Bristol Rovers,19848,Carrow Road,Lewis Smith,Match Report,
Third round proper,Sat,2024-01-06,15:00 (16:00),Blackburn,5–2,Cambridge,8311,Ewood Park,Geoff Eltringham,Match Report,
Third round proper,Sat,2024-01-06,15:00 (16:00),Southampton,4–0,Walsall,22627,St. Mary's Stadium,David Webb,Match Report,
Third round proper,Sat,2024-01-06,15:00 (16:00),Stoke City,2–4,Brighton,17032,Bet365 Stadium,Paul Tierney,Match Report,
Third round proper,Sat,2024-01-06,15:00 (16:00),QPR,2–3,Bournemouth,10725,MATRADE Loftus Road Stadium,Rebecca Welch,Match Report,
Third round proper,Sat,2024-01-06,17:30 (18:30),Middlesbrough,0–1,Aston Villa,25022,Riverside Stadium,Robert Jones,Match Report,
Third round proper,Sat,2024-01-06,17:30 (18:30),Chelsea,4–0,Preston,39705,Stamford Bridge,Thomas Bramall,Match Report,
Third round proper,Sat,2024-01-06,17:30 (18:30),Swansea City,2–0,Morecambe,7670,Swansea.com Stadium,Tom Nield,Match Report,
Third round proper,Sat,2024-01-06,17:30 (18:30),Sheffield Weds,4–0,Cardiff City,10955,Hillsborough Stadium,Thomas Kirk,Match Report,
Third round proper,Sun,2024-01-07,14:00 (15:00),Manchester City,5–0,Huddersfield,51939,Etihad Stadium,Michael Salisbury,Match Report,
Third round proper,Sun,2024-01-07,14:00 (15:00),West Ham,1–1,Bristol City,62447,London Stadium,Graham Scott,Match Report,
Third round proper,Sun,2024-01-07,14:00 (15:00),Nottingham,2–2,Blackpool,27909,The City Ground,Sunny Gill,Match Report,
Third round proper,Sun,2024-01-07,14:00 (15:00),Luton Town,0–0,Bolton,10739,Kenilworth Road Stadium,Andy Madley,Match Report,
Third round proper,Sun,2024-01-07,14:00 (15:00),Peterborough,0–3,Leeds United,12927,Weston Homes Stadium,Samuel Allison,Match Report,
Third round proper,Sun,2024-01-07,14:00 (15:00),West Brom,4–1,Aldershot Town,16345,The Hawthorns,Anthony Backhouse,Match Report,
Third round proper,Sun,2024-01-07,14:00 (15:00),Shrewsbury,0–1,Wrexham,9304,The Croud Meadow,Andrew Kitchen,Match Report,
Third round proper,Sun,2024-01-07,16:30 (17:30),Arsenal,0–2,Liverpool,58538,Emirates Stadium,John Brooks,Match Report,
Third round proper,Mon,2024-01-08,20:15 (21:15),Wigan Athletic,0–2,Manchester Utd,22870,The DW Stadium,Anthony Taylor,Match Report,
Third round proper,Tue,2024-01-16,19:30 (20:30),Wolves,3–2,Brentford,24692,Molineux Stadium,Andy Madley,Match Report,Required Extra Time
Third round proper,Tue,2024-01-16,19:45 (20:45),Eastleigh,1–3,Newport County,5075,Silverlake Stadium,Samuel Allison,Match Report,
Third round proper,Tue,2024-01-16,19:45 (20:45),Birmingham City,2–1,Hull City,7133,St. Andrew's @ Knighthead Park,Lewis Smith,Match Report,
Third round proper,Tue,2024-01-16,19:45 (20:45),Bristol City,1–0,West Ham,25616,Ashton Gate Stadium,Darren England,Match Report,
Third round proper,Tue,2024-01-16,19:45 (20:45),Bolton,1–2,Luton Town,10878,Toughsheet Community Stadium,Thomas Bramall,Match Report,
Third round proper,Wed,2024-01-17,19:45 (20:45),Blackpool,2–3,Nottingham,8098,Bloomfield Road,Darren Bond,Match Report,Required Extra Time
Third round proper,Wed,2024-01-17,19:45 (20:45),Bristol Rovers,1–3,Norwich City,10335,Memorial Stadium,Andrew Davies,Match Report,
Third round proper,Wed,2024-01-17,19:45 (20:45),Everton,1–0,Crystal Palace,37796,Goodison Park,Tony Harrington,Match Report,
Fourth round proper,Thu,2024-01-25,19:45 (20:45),Bournemouth,5–0,Swansea City,10166,Vitality Stadium,Darren England,Match Report,
Fourth round proper,Fri,2024-01-26,19:45 (20:45),Sheffield Weds,1–1,Coventry City,14215,Hillsborough Stadium,Darren Bond,Match Report,
Fourth round proper,Fri,2024-01-26,19:45 (20:45),Bristol City,0–0,Nottingham,25787,Ashton Gate Stadium,Stuart Attwell,Match Report,
Fourth round proper,Fri,2024-01-26,19:45 (20:45),Chelsea,0–0,Aston Villa,39325,Stamford Bridge,Robert Jones,Match Report,
Fourth round proper,Fri,2024-01-26,20:00 (21:00),Tottenham,0–1,Manchester City,60872,Tottenham Hotspur Stadium,Paul Tierney,Match Report,
Fourth round proper,Sat,2024-01-27,12:30 (13:30),Ipswich Town,1–2,Maidstone Utd,27273,Portman Road Stadium,Anthony Taylor,Match Report,
Fourth round proper,Sat,2024-01-27,15:00 (16:00),Leeds United,1–1,Plymouth Argyle,35247,Elland Road,Lewis Smith,Match Report,
Fourth round proper,Sat,2024-01-27,15:00 (16:00),Everton,1–2,Luton Town,37713,Goodison Park,Simon Hooper,Match Report,
Fourth round proper,Sat,2024-01-27,15:00 (16:00),Leicester City,3–0,Birmingham City,28396,King Power Stadium,Craig Pawson,Match Report,
Fourth round proper,Sat,2024-01-27,15:00 (16:00),Sheffield United,2–5,Brighton,18391,Bramall Lane,Sunny Gill,Match Report,
Fourth round proper,Sat,2024-01-27,19:00 (20:00),Fulham,0–2,Newcastle,18960,Craven Cottage,Jarred Gillett,Match Report,
Fourth round proper,Sun,2024-01-28,11:45 (12:45),West Brom,0–2,Wolves,25013,The Hawthorns,Thomas Bramall,Match Report,
Fourth round proper,Sun,2024-01-28,14:00 (15:00),Watford,1–1,Southampton,16688,Vicarage Road Stadium,Michael Salisbury,Match Report,
Fourth round proper,Sun,2024-01-28,14:30 (15:30),Liverpool,5–2,Norwich City,57334,Anfield,Samuel Barrott,Match Report,
Fourth round proper,Sun,2024-01-28,16:30 (17:30),Newport County,2–4,Manchester Utd,9086,Rodney Parade,David Coote,Match Report,
Fourth round proper,Mon,2024-01-29,19:30 (20:30),Blackburn,4–1,Wrexham,18169,Ewood Park,Andy Madley,Match Report,
Fourth round proper,Tue,2024-02-06,19:45 (20:45),Southampton,3–0,Watford,17844,St. Mary's Stadium,Darren Bond,Match Report,
Fourth round proper,Tue,2024-02-06,19:45 (20:45),Plymouth Argyle,1–4,Leeds United,16636,Home Park,Robert Jones,Match Report,Required Extra Time
Fourth round proper,Tue,2024-02-06,19:45 (20:45),Coventry City,4–1,Sheffield Weds,19359,Coventry Building Society Arena,Chris Kavanagh,Match Report,
Fourth round proper,Wed,2024-02-07,19:45 (20:45),Nottingham,(5) 1–1 (3),Bristol City,27754,The City Ground,Michael Salisbury,Match Report,Nottingham won a penalty shoot-out following extra time of the replayed match
Fourth round proper,Wed,2024-02-07,20:00 (21:00),Aston Villa,1–3,Chelsea,40013,Villa Park,Thomas Bramall,Match Report,
Fifth round proper,Mon,2024-02-26,19:45 (20:45),Coventry City,5–0,Maidstone Utd,26857,Coventry Building Society Arena,Michael Salisbury,Match Report,
Fifth round proper,Tue,2024-02-27,19:30 (20:30),Bournemouth,0–1,Leicester City,10872,Vitality Stadium,Paul Tierney,Match Report,Required Extra Time
Fifth round proper,Tue,2024-02-27,19:45 (20:45),Blackburn,(3) 1–1 (4),Newcastle,22730,Ewood Park,Jarred Gillett,Match Report,Newcastle won a penalty shoot-out following extra time
Fifth round proper,Tue,2024-02-27,20:00 (21:00),Luton Town,2–6,Manchester City,11163,Kenilworth Road Stadium,Anthony Taylor,Match Report,
Fifth round proper,Wed,2024-02-28,19:30 (20:30),Chelsea,3–2,Leeds United,37892,Stamford Bridge,David Coote,Match Report,
Fifth round proper,Wed,2024-02-28,19:45 (20:45),Wolves,1–0,Brighton,23822,Molineux Stadium,Andy Madley,Match Report,
Fifth round proper,Wed,2024-02-28,19:45 (20:45),Nottingham,0–1,Manchester Utd,28665,The City Ground,Chris Kavanagh,Match Report,
Fifth round proper,Wed,2024-02-28,20:00 (21:00),Liverpool,3–0,Southampton,59782,Anfield,Craig Pawson,Match Report,
Quarter-finals,Sat,2024-03-16,12:15 (13:15),Wolves,2–3,Coventry City,31262,Molineux Stadium,Samuel Barrott,Match Report,
Quarter-finals,Sat,2024-03-16,17:30 (18:30),Manchester City,2–0,Newcastle,52126,Etihad Stadium,Simon Hooper,Match Report,
Quarter-finals,Sun,2024-03-17,12:45 (13:45),Chelsea,4–2,Leicester City,39589,Stamford Bridge,Andy Madley,Match Report,
Quarter-finals,Sun,2024-03-17,15:30 (16:30),Manchester Utd,4–3,Liverpool,72291,Old Trafford,John Brooks,Match Report,Required Extra Time
Semi-finals,Sat,2024-04-20,17:15 (18:15),Manchester City,1–0,Chelsea,80902,Wembley Stadium connected by EE (Neutral Site),Michael Oliver,Match Report,
Semi-finals,Sun,2024-04-21,15:30 (16:30),Coventry City,(2) 3–3 (4),Manchester Utd,83672,Wembley Stadium connected by EE (Neutral Site),Robert Jones,Match Report,Manchester Utd won a penalty shoot-out following extra time
Final,Sat,2024-05-25,15:00 (16:00),Manchester City,1–2,Manchester Utd,84814,Wembley Stadium connected by EE (Neutral Site),Andy Madley,Match Report,