team,domestic
Alaves,Alavés
Almeria,Almería
Ath Bilbao,Athletic Club
Ath Madrid,Atlético Madrid
Betis,Real Betis
Cadiz,Cádiz
Celta,Celta Vigo
Clermont,Clermont Foot
Darmstadt,Darmstadt 98
Ein Frankfurt,Frankfurt
Espanol,Espanyol
FC Koln,Köln
Hamburg,Hamburger SV
Hertha,Hertha BSC
Ipswich,Ipswich Town
Leeds,Leeds United
Leganes,Leganés
Leicester,Leicester City
Luton,Luton Town
M'gladbach,Gladbach
Mainz,Mainz 05
Man City,Manchester City
Man United,Manchester Utd
Nott'm Forest,Nottingham
Paris SG,PSG
Sociedad,Real Sociedad
St Etienne,Saint-Étienne
Vallecano,Rayo Vallecano
Verona,Hellas Verona
