Round,Wk,Day,Date,Time,Home,Score,Away,Attendance,Venue,Referee,Match Report,Notes
Group stage,1,Thu,2023-09-21,18:45,Servette FC ch,0–2,cz Slavia Prague,19783,Stade de Genève,Giorgi Kruashvili,Match Report,
Group stage,1,Thu,2023-09-21,18:45,LASK at,1–3,eng Liverpool,18091,Raiffeisen Arena,Marco Di Bello,Match Report,
Group stage,1,Thu,2023-09-21,18:45,Leverkusen de,4–0,se BK Häcken,25402,BayArena,Manfredas Lukjančukas,Match Report,
Group stage,1,Thu,2023-09-21,18:45,Rennes fr,3–0,il Maccabi Haifa,26838,Roazhon Park,Harm Osmers,Match Report,
Group stage,1,Thu,2023-09-21,18:45,Union SG be,1–1,fr Toulouse,12162,Lotto Park,Rohit Saggi,Match Report,
Group stage,1,Thu,2023-09-21,19:45 (18:45),Panathinaikos gr,2–0,es Villarreal,57003,Olympiako Stadio Spyros Louis,Craig Pawson,Match Report,
Group stage,1,Thu,2023-09-21,19:45 (18:45),Sheriff Tiraspol md,1–2,it Roma,10711,Bolshaya Sportivnaya Arena,Andris Treimanis,Match Report,
Group stage,1,Thu,2023-09-21,20:00 (21:00),Rangers sct,1–0,es Real Betis,45634,Ibrox Stadium,Lawrence Visser,Match Report,
Group stage,1,Thu,2023-09-21,20:00 (21:00),Brighton eng,2–3,gr AEK Athens,30178,The American Express Community Stadium,Kristo Tohver,Match Report,
Group stage,1,Thu,2023-09-21,20:00 (21:00),West Ham eng,3–1,rs TSC,41374,London Stadium,Filip Glova,Match Report,
Group stage,1,Thu,2023-09-21,20:45 (18:45),Qarabağ az,1–0,no Molde,26500,Tofiq Bəhramov adına Respublika stadionu,John Beaton,Match Report,
Group stage,1,Thu,2023-09-21,21:00,Atalanta it,2–0,pl Raków,13698,Gewiss Stadium,Roi Reinshreiber,Match Report,
Group stage,1,Thu,2023-09-21,21:00,Sturm Graz at,1–2,pt Sporting CP,13517,Merkur Arena,Nikola Dabanović,Match Report,
Group stage,1,Thu,2023-09-21,21:00,Ajax nl,3–3,fr Marseille,53000,Johan Cruyff ArenA,Maurizio Mariani,Match Report,
Group stage,1,Thu,2023-09-21,21:00,Sparta Prague cz,3–2,cy Aris Limassol,17371,epet Arena,Jérôme Brisard,Match Report,
Group stage,1,Thu,2023-09-21,22:00 (21:00),Olympiacos gr,2–3,de Freiburg,30056,Stadio Georgios Karaiskáki,Allard Lindhout,Match Report,
Group stage,2,Thu,2023-10-05,17:45 (18:45),Sporting CP pt,1–2,it Atalanta,42301,Estádio José Alvalade,Alejandro Hernández,Match Report,
Group stage,2,Thu,2023-10-05,18:45,Marseille fr,2–2,eng Brighton,63465,Orange Vélodrome,Mykola Balakin,Match Report,
Group stage,2,Thu,2023-10-05,18:45,Freiburg de,1–2,eng West Ham,34100,Europa-Park Stadion,Mohammed Al Hakim,Match Report,
Group stage,2,Thu,2023-10-05,18:45,Raków pl,0–1,at Sturm Graz,8993,ArcelorMittal Park,Əliyar Ağayev,Match Report,
Group stage,2,Thu,2023-10-05,18:45,TSC rs,2–2,gr Olympiacos,3778,TSC Arena,Benoît Bastien,Match Report,
Group stage,2,Thu,2023-10-05,18:45,Real Betis es,2–1,cz Sparta Prague,45037,Estadio Benito Villamarín,Duje Strukan,Match Report,
Group stage,2,Thu,2023-10-05,19:45 (18:45),Aris Limassol cy,2–1,sct Rangers,3911,Alphamega Stadium,Horațiu Fesnic,Match Report,
Group stage,2,Thu,2023-10-05,19:45 (18:45),AEK Athens gr,1–1,nl Ajax,29524,Agia Sophia Stadium,Matej Jug,Match Report,
Group stage,2,Thu,2023-10-05,20:00 (21:00),Liverpool eng,2–0,be Union SG,49513,Anfield,Morten Krogh,Match Report,
Group stage,2,Thu,2023-10-05,21:00,Slavia Prague cz,6–0,md Sheriff Tiraspol,17844,Fortuna Arena,Willy Delajod,Match Report,
Group stage,2,Thu,2023-10-05,21:00,Toulouse fr,1–0,at LASK,29233,Stadium Municipal,Nick Walsh,Match Report,
Group stage,2,Thu,2023-10-05,21:00,Villarreal es,1–0,fr Rennes,17458,Estadio de la Cerámica,Harald Lechner,Match Report,
Group stage,2,Thu,2023-10-05,21:00,BK Häcken se,0–1,az Qarabağ,8124,Bravida Arena,Sebastian Gishamer,Match Report,
Group stage,2,Thu,2023-10-05,21:00,Roma it,4–0,ch Servette FC,55764,Stadio Olimpico,Igor Pajač,Match Report,
Group stage,2,Thu,2023-10-05,21:00,Molde no,1–2,de Leverkusen,8190,Aker Stadion,Anastasios Papapetrou,Match Report,
Group stage,2,Thu,2023-10-05,22:00 (21:00),Maccabi Haifa il,0–0,gr Panathinaikos,29465,Sammy Ofer Stadium,António Nobre,Match Report,
Group stage,3,Thu,2023-10-26,18:45,TSC rs,1–3,de Freiburg,3400,TSC Arena,Əliyar Ağayev,Match Report,
Group stage,3,Thu,2023-10-26,18:45,Marseille fr,3–1,gr AEK Athens,65092,Orange Vélodrome,Daniel Stefański,Match Report,
Group stage,3,Thu,2023-10-26,18:45,Molde no,5–1,se BK Häcken,5870,Aker Stadion,Urs Schnyder,Match Report,
Group stage,3,Thu,2023-10-26,18:45,Sparta Prague cz,0–0,sct Rangers,18250,epet Arena,Sascha Stegemann,Match Report,
Group stage,3,Thu,2023-10-26,18:45,Sturm Graz at,2–2,it Atalanta,14167,Merkur Arena,Duje Strukan,Match Report,
Group stage,3,Thu,2023-10-26,18:45,Raków pl,1–1,pt Sporting CP,10518,ArcelorMittal Park,Anastasios Papapetrou,Match Report,
Group stage,3,Thu,2023-10-26,19:45 (18:45),Aris Limassol cy,0–1,es Real Betis,3945,Alphamega Stadium,Filip Glova,Match Report,
Group stage,3,Thu,2023-10-26,19:45 (18:45),Olympiacos gr,2–1,eng West Ham,30623,Stadio Georgios Karaiskáki,Andris Treimanis,Match Report,
Group stage,3,Thu,2023-10-26,20:00 (21:00),Liverpool eng,5–1,fr Toulouse,49338,Anfield,Rade Obrenović,Match Report,
Group stage,3,Thu,2023-10-26,20:00 (21:00),Brighton eng,2–0,nl Ajax,30540,The American Express Community Stadium,Bartosz Frankowski,Match Report,
Group stage,3,Thu,2023-10-26,21:00,Leverkusen de,5–1,az Qarabağ,29039,BayArena,Horațiu Fesnic,Match Report,
Group stage,3,Thu,2023-10-26,21:00,Roma it,2–0,cz Slavia Prague,64934,Stadio Olimpico,Espen Andreas Eskås,Match Report,
Group stage,3,Thu,2023-10-26,21:00,Union SG be,2–1,at LASK,11426,Lotto Park,Atilla Karaoğlan,Match Report,
Group stage,3,Thu,2023-10-26,22:00 (21:00),Panathinaikos gr,1–2,fr Rennes,13459,Olympiako Stadio Spyros Louis,João Pinheiro,Match Report,
Group stage,3,Thu,2023-10-26,22:00 (21:00),Sheriff Tiraspol md,1–1,ch Servette FC,2834,Bolshaya Sportivnaya Arena,John Brooks,Match Report,
Group stage,4,Thu,2023-11-09,18:45,Slavia Prague cz,2–0,it Roma,19265,Fortuna Arena,François Letexier,Match Report,
Group stage,4,Thu,2023-11-09,18:45,Ajax nl,0–2,eng Brighton,52095,Johan Cruyff ArenA,Nikola Dabanović,Match Report,
Group stage,4,Thu,2023-11-09,18:45,Rennes fr,3–1,gr Panathinaikos,28004,Roazhon Park,William Collum,Match Report,
Group stage,4,Thu,2023-11-09,18:45,LASK at,3–0,be Union SG,15900,Raiffeisen Arena,Simone Sozza,Match Report,
Group stage,4,Thu,2023-11-09,18:45,Toulouse fr,3–2,eng Liverpool,32026,Stadium Municipal,Georgi Kabakov,Match Report,
Group stage,4,Thu,2023-11-09,18:45,Servette FC ch,2–1,md Sheriff Tiraspol,15822,Stade de Genève,Manfredas Lukjančukas,Match Report,
Group stage,4,Thu,2023-11-09,19:45 (18:45),Maccabi Haifa il,1–2,es Villarreal,,Sammy Ofer Stadium,Mykola Balakin,Match Report,
Group stage,4,Thu,2023-11-09,20:00 (21:00),Rangers sct,2–1,cz Sparta Prague,48838,Ibrox Stadium,Davide Massa,Match Report,
Group stage,4,Thu,2023-11-09,20:00 (21:00),Sporting CP pt,2–1,pl Raków,32940,Estádio José Alvalade,Enea Jorgji,Match Report,
Group stage,4,Thu,2023-11-09,20:00 (21:00),West Ham eng,1–0,gr Olympiacos,55811,London Stadium,Matej Jug,Match Report,
Group stage,4,Thu,2023-11-09,21:00,Freiburg de,5–0,rs TSC,31700,Europa-Park Stadion,Rohit Saggi,Match Report,
Group stage,4,Thu,2023-11-09,21:00,Atalanta it,1–0,at Sturm Graz,14739,Gewiss Stadium,Jérôme Brisard,Match Report,
Group stage,4,Thu,2023-11-09,21:00,Real Betis es,4–1,cy Aris Limassol,41768,Estadio Benito Villamarín,Mohammed Al Hakim,Match Report,
Group stage,4,Thu,2023-11-09,21:00,BK Häcken se,1–3,no Molde,5106,Nya Gamla Ullevi,Don Robertson,Match Report,
Group stage,4,Thu,2023-11-09,21:45 (18:45),Qarabağ az,0–1,de Leverkusen,30055,Tofiq Bəhramov adına Respublika stadionu,Craig Pawson,Match Report,
Group stage,4,Thu,2023-11-09,22:00 (21:00),AEK Athens gr,0–2,fr Marseille,30530,Agia Sophia Stadium,Glenn Nyberg,Match Report,
Group stage,5,Thu,2023-11-30,18:45,Sparta Prague cz,1–0,es Real Betis,18095,epet Arena,Nikola Dabanović,Match Report,
Group stage,5,Thu,2023-11-30,18:45,Freiburg de,5–0,gr Olympiacos,34000,Europa-Park Stadion,Irfan Peljto,Match Report,
Group stage,5,Thu,2023-11-30,18:45,Atalanta it,1–1,pt Sporting CP,14865,Gewiss Stadium,Michael Oliver,Match Report,
Group stage,5,Thu,2023-11-30,18:45,Sturm Graz at,0–1,pl Raków,12517,Bundesstadion Liebenau,Filip Glova,Match Report,
Group stage,5,Thu,2023-11-30,18:45,TSC rs,0–1,eng West Ham,4256,TSC Arena,Allard Lindhout,Match Report,
Group stage,5,Thu,2023-11-30,19:45 (18:45),AEK Athens gr,0–1,eng Brighton,30520,Agia Sophia Stadium,Sandro Schärer,Match Report,
Group stage,5,Thu,2023-11-30,19:45 (18:45),Maccabi Haifa il,0–3,fr Rennes,,Puskás Aréna,Horațiu Fesnic,Match Report,
Group stage,5,Thu,2023-11-30,20:00 (21:00),Rangers sct,1–1,cy Aris Limassol,48890,Ibrox Stadium,Rohit Saggi,Match Report,
Group stage,5,Thu,2023-11-30,20:00 (21:00),Liverpool eng,4–0,at LASK,49666,Anfield,Urs Schnyder,Match Report,
Group stage,5,Thu,2023-11-30,21:00,BK Häcken se,0–2,de Leverkusen,11234,Nya Ullevi,Julian Weinberger,Match Report,
Group stage,5,Thu,2023-11-30,21:00,Toulouse fr,0–0,be Union SG,31205,Stadium Municipal,Matej Jug,Match Report,
Group stage,5,Thu,2023-11-30,21:00,Servette FC ch,1–1,it Roma,28534,Stade de Genève,Daniel Stefański,Match Report,
Group stage,5,Thu,2023-11-30,21:00,Molde no,2–2,az Qarabağ,5291,Aker Stadion,Erik Lambrechts,Match Report,
Group stage,5,Thu,2023-11-30,21:00,Villarreal es,3–2,gr Panathinaikos,16993,Estadio de la Cerámica,Ivan Kružliak,Match Report,
Group stage,5,Thu,2023-11-30,21:00,Marseille fr,4–3,nl Ajax,60638,Orange Vélodrome,Simone Sozza,Match Report,
Group stage,5,Thu,2023-11-30,22:00 (21:00),Sheriff Tiraspol md,2–3,cz Slavia Prague,1520,Bolshaya Sportivnaya Arena,Christian-Petru Ciochirca,Match Report,
Group stage,3,Wed,2023-12-06,21:00,Villarreal es,0–0,il Maccabi Haifa,9365,Estadio de la Cerámica,Nick Walsh,Match Report,
Group stage,6,Thu,2023-12-14,18:45,Slavia Prague cz,4–0,ch Servette FC,18380,Fortuna Arena,Nick Walsh,Match Report,
Group stage,6,Thu,2023-12-14,18:45,Leverkusen de,5–1,no Molde,28504,BayArena,Robert Jones,Match Report,
Group stage,6,Thu,2023-12-14,18:45,Rennes fr,2–3,es Villarreal,27761,Roazhon Park,Atilla Karaoğlan,Match Report,
Group stage,6,Thu,2023-12-14,18:45,Union SG be,2–1,eng Liverpool,16959,Lotto Park,Orel Grinfeeld,Match Report,
Group stage,6,Thu,2023-12-14,18:45,Roma it,3–0,md Sheriff Tiraspol,47803,Stadio Olimpico,Jérôme Brisard,Match Report,
Group stage,6,Thu,2023-12-14,18:45,LASK at,1–2,fr Toulouse,16100,Raiffeisen Arena,Fabio Maresca,Match Report,
Group stage,6,Thu,2023-12-14,19:45 (18:45),Panathinaikos gr,1–2,il Maccabi Haifa,13121,Stadio Apóstolos Nikolaidis,Georgi Kabakov,Match Report,
Group stage,6,Thu,2023-12-14,20:00 (21:00),West Ham eng,2–0,de Freiburg,48876,London Stadium,João Pinheiro,Match Report,
Group stage,6,Thu,2023-12-14,20:00 (21:00),Sporting CP pt,3–0,at Sturm Graz,24733,Estádio José Alvalade,William Collum,Match Report,
Group stage,6,Thu,2023-12-14,20:00 (21:00),Brighton eng,1–0,fr Marseille,30214,The American Express Community Stadium,José Sánchez,Match Report,
Group stage,6,Thu,2023-12-14,21:00,Raków pl,0–4,it Atalanta,10386,ArcelorMittal Park,Enea Jorgji,Match Report,
Group stage,6,Thu,2023-12-14,21:00,Ajax nl,3–1,gr AEK Athens,53926,Johan Cruyff ArenA,Craig Pawson,Match Report,
Group stage,6,Thu,2023-12-14,21:00,Real Betis es,2–3,sct Rangers,48380,Estadio Benito Villamarín,Srđan Jovanović,Match Report,
Group stage,6,Thu,2023-12-14,21:45 (18:45),Qarabağ az,2–1,se BK Häcken,28515,Tofiq Bəhramov adına Respublika stadionu,Juxhin Xhaja,Match Report,
Group stage,6,Thu,2023-12-14,22:00 (21:00),Olympiacos gr,5–2,rs TSC,,Stadio Georgios Karaiskáki,Morten Krogh,Match Report,
Group stage,6,Thu,2023-12-14,22:00 (21:00),Aris Limassol cy,1–3,cz Sparta Prague,2859,Alphamega Stadium,Harm Osmers,Match Report,
Knockout round play-offs,,Thu,2024-02-15,18:45,Young Boys ch,1–3,pt Sporting CP,31500,Stadion Wankdorf,Benoît Bastien,Match Report,Leg 1 of 2
Knockout round play-offs,,Thu,2024-02-15,18:45,Feyenoord nl,1–1,it Roma,43235,Stadion Feijenoord,Radu Petrescu,Match Report,Leg 1 of 2
Knockout round play-offs,,Thu,2024-02-15,19:45 (18:45),Shakhtar D. ua,2–2,fr Marseille,28790,Volksparkstadion,Erik Lambrechts,Match Report,Leg 1 of 2
Knockout round play-offs,,Thu,2024-02-15,20:00 (21:00),Benfica pt,2–1,fr Toulouse,56553,Estádio do Sport Lisboa e Benfica,Donatas Rumšas,Match Report,Leg 1 of 2
Knockout round play-offs,,Thu,2024-02-15,20:00 (21:00),Braga pt,2–4,az Qarabağ,12122,Estádio Municipal de Braga,Morten Krogh,Match Report,Leg 1 of 2
Knockout round play-offs,,Thu,2024-02-15,20:45 (18:45),Galatasaray tr,3–2,cz Sparta Prague,46583,RAMS Park,Alejandro Hernández,Match Report,Leg 1 of 2
Knockout round play-offs,,Thu,2024-02-15,21:00,Milan it,3–0,fr Rennes,69021,Stadio Giuseppe Meazza,Nikola Dabanović,Match Report,Leg 1 of 2
Knockout round play-offs,,Thu,2024-02-15,21:00,Lens fr,0–0,de Freiburg,38194,Stade Bollaert-Delelis,Bartosz Frankowski,Match Report,Leg 1 of 2
Knockout round play-offs,,Thu,2024-02-22,18:45,Freiburg de,3–2,fr Lens,22969,Europa-Park Stadion,Rade Obrenović,Match Report,Leg 2 of 2; Freiburg won; Required Extra Time
Knockout round play-offs,,Thu,2024-02-22,18:45,Toulouse fr,0–0,pt Benfica,31556,Stadium Municipal,Maurizio Mariani,Match Report,Leg 2 of 2; Benfica won
Knockout round play-offs,,Thu,2024-02-22,18:45,Rennes fr,3–2,it Milan,29241,Roazhon Park,João Pinheiro,Match Report,Leg 2 of 2; Milan won
Knockout round play-offs,,Thu,2024-02-22,20:00 (21:00),Sporting CP pt,1–1,ch Young Boys,29393,Estádio José Alvalade,Ivan Kružliak,Match Report,Leg 2 of 2; Sporting CP won
Knockout round play-offs,,Thu,2024-02-22,21:00,Marseille fr,3–1,ua Shakhtar D.,66534,Orange Vélodrome,Tobias Stieler,Match Report,Leg 2 of 2; Marseille won
Knockout round play-offs,,Thu,2024-02-22,21:00,Sparta Prague cz,4–1,tr Galatasaray,18349,epet Arena,Anthony Taylor,Match Report,Leg 2 of 2; Sparta Prague won
Knockout round play-offs,,Thu,2024-02-22,21:00,Roma it,(4) 1–1 (2),nl Feyenoord,69689,Stadio Olimpico,Jesús Gil,Match Report,Leg 2 of 2; Roma won; Roma won a penalty shoot-out following extra time
Knockout round play-offs,,Thu,2024-02-22,21:45 (18:45),Qarabağ az,2–3,pt Braga,31200,Tofiq Bəhramov adına Respublika stadionu,Georgi Kabakov,Match Report,Leg 2 of 2; Qarabağ won; Required Extra Time
Round of 16,,Wed,2024-03-06,17:45 (18:45),Sporting CP pt,1–1,it Atalanta,28528,Estádio José Alvalade (1956),Daniel Siebert,Match Report,Leg 1 of 2
Round of 16,,Thu,2024-03-07,18:45,Roma it,4–0,eng Brighton,64877,Stadio Olimpico,François Letexier,Match Report,Leg 1 of 2
Round of 16,,Thu,2024-03-07,18:45,Sparta Prague cz,1–5,eng Liverpool,18349,epet Arena,José Sánchez,Match Report,Leg 1 of 2
Round of 16,,Thu,2024-03-07,20:00 (21:00),Benfica pt,2–2,sct Rangers,48759,Estádio do Sport Lisboa e Benfica,Tobias Stieler,Match Report,Leg 1 of 2
Round of 16,,Thu,2024-03-07,21:00,Freiburg de,1–0,eng West Ham,34700,Europa-Park Stadion,Alejandro Hernández,Match Report,Leg 1 of 2
Round of 16,,Thu,2024-03-07,21:00,Milan it,4–2,cz Slavia Prague,59325,Stadio Giuseppe Meazza,Halil Umut Meler,Match Report,Leg 1 of 2
Round of 16,,Thu,2024-03-07,21:00,Marseille fr,4–0,es Villarreal,53396,Orange Vélodrome,Serdar Gözübüyük,Match Report,Leg 1 of 2
Round of 16,,Thu,2024-03-07,21:45 (18:45),Qarabağ az,2–2,de Leverkusen,30423,Tofiq Bəhramov adına Respublika stadionu,Benoît Bastien,Match Report,Leg 1 of 2
Round of 16,,Thu,2024-03-14,17:45 (18:45),Rangers sct,0–1,pt Benfica,49943,Ibrox Stadium,Ivan Kružliak,Match Report,Leg 2 of 2; Benfica won
Round of 16,,Thu,2024-03-14,17:45 (18:45),West Ham eng,5–0,de Freiburg,51014,London Stadium,Marco Guida,Match Report,Leg 2 of 2; West Ham won
Round of 16,,Thu,2024-03-14,18:45,Villarreal es,3–1,fr Marseille,15378,Estadio de la Cerámica,István Kovács,Match Report,Leg 2 of 2; Marseille won
Round of 16,,Thu,2024-03-14,18:45,Slavia Prague cz,1–3,it Milan,19334,Fortuna Arena,Glenn Nyberg,Match Report,Leg 2 of 2; Milan won
Round of 16,,Thu,2024-03-14,20:00 (21:00),Brighton eng,1–0,it Roma,30380,The American Express Community Stadium,Felix Zwayer,Match Report,Leg 2 of 2; Roma won
Round of 16,,Thu,2024-03-14,20:00 (21:00),Liverpool eng,6–1,cz Sparta Prague,59581,Anfield Sports & Community Centre,Artur Soares Dias,Match Report,Leg 2 of 2; Liverpool won
Round of 16,,Thu,2024-03-14,21:00,Leverkusen de,3–2,az Qarabağ,30210,BayArena,Anthony Taylor,Match Report,Leg 2 of 2; Leverkusen won
Round of 16,,Thu,2024-03-14,21:00,Atalanta it,2–1,pt Sporting CP,14649,Gewiss Stadium,Sandro Schärer,Match Report,Leg 2 of 2; Atalanta won
Quarter-finals,,Thu,2024-04-11,20:00 (21:00),Liverpool eng,0–3,it Atalanta,59004,Anfield,Halil Umut Meler,Match Report,Leg 1 of 2
Quarter-finals,,Thu,2024-04-11,20:00 (21:00),Benfica pt,2–1,fr Marseille,53845,Estádio do Sport Lisboa e Benfica,Michael Oliver,Match Report,Leg 1 of 2
Quarter-finals,,Thu,2024-04-11,21:00,Leverkusen de,2–0,eng West Ham,30210,BayArena,Artur Soares Dias,Match Report,Leg 1 of 2
Quarter-finals,,Thu,2024-04-11,21:00,Milan it,0–1,it Roma,75023,Stadio Giuseppe Meazza,Clément Turpin,Match Report,Leg 1 of 2
Quarter-finals,,Thu,2024-04-18,20:00 (21:00),West Ham eng,1–1,de Leverkusen,62473,London Stadium,José Sánchez,Match Report,Leg 2 of 2; Leverkusen won
Quarter-finals,,Thu,2024-04-18,21:00,Atalanta it,0–1,eng Liverpool,14994,Gewiss Stadium,François Letexier,Match Report,Leg 2 of 2; Atalanta won
Quarter-finals,,Thu,2024-04-18,21:00,Roma it,2–1,it Milan,66025,Stadio Olimpico,Szymon Marciniak,Match Report,Leg 2 of 2; Roma won
Quarter-finals,,Thu,2024-04-18,21:00,Marseille fr,(4) 1–0 (2),pt Benfica,59645,Orange Vélodrome,Felix Zwayer,Match Report,Leg 2 of 2; Marseille won; Marseille won a penalty shoot-out following extra time
Semi-finals,,Thu,2024-05-02,21:00,Roma it,0–2,de Leverkusen,64073,Stadio Olimpico,François Letexier,Match Report,Leg 1 of 2
Semi-finals,,Thu,2024-05-02,21:00,Marseille fr,1–1,it Atalanta,64475,Orange Vélodrome,Daniel Siebert,Match Report,Leg 1 of 2
Semi-finals,,Thu,2024-05-09,21:00,Leverkusen de,2–2,it Roma,30210,BayArena,Danny Makkelie,Match Report,Leg 2 of 2; Leverkusen won
Semi-finals,,Thu,2024-05-09,21:00,Atalanta it,3–0,fr Marseille,14994,Gewiss Stadium,Jesús Gil,Match Report,Leg 2 of 2; Atalanta won
Final,,Wed,2024-05-22,20:00 (21:00),Atalanta it,3–0,de Leverkusen,47135,Aviva Stadium (Neutral Site),István Kovács,Match Report,
