team,europe
AZ Alkmaar,AZ Alkmaar
Ajax,Ajax
Arouca,Arouca
Arsenal,Arsenal
Aston Villa,Aston Villa
Atalanta,Atalanta
Ath Bilbao,Athletic Club
Ath Madrid,Atlético Madrid
Barcelona,Barcelona
Bayern Munich,Bayern Munich
Benfica,Benfica
Betis,Real Betis
Bologna,Bologna
Brest,Brest
Brighton,Brighton
Celta,Celta Vigo
Chelsea,Chelsea
Crystal Palace,Crystal Palace
Dortmund,Dortmund
Ein Frankfurt,Frankfurt
FC Koln,Köln
Feyenoord,Feyenoord
Fiorentina,Fiorentina
Freiburg,Freiburg
Gil Vicente,Gil Vicente FC
Girona,Girona
Go Ahead Eagles,Go Ahead Eagles
Guimaraes,Vit. Guimarães
Heidenheim,Heidenheim
Hoffenheim,Hoffenheim
Inter,Inter
Juventus,Juventus
Lazio,Lazio
Lens,Lens
Leverkusen,Leverkusen
Lille,Lille
Liverpool,Liverpool
Lyon,Lyon
Mainz,Mainz 05
Man City,Manchester City
Man United,Manchester Utd
Marseille,Marseille
Milan,Milan
Monaco,Monaco
Nantes,Nantes
Napoli,Napoli
Newcastle,Newcastle
Nice,Nice
Nott'm Forest,Nottingham
Osasuna,Osasuna
PSV Eindhoven,PSV
Paris SG,PSG
Porto,Porto
RB Leipzig,RB Leipzig
Real Madrid,Real Madrid
Rennes,Rennes
Roma,Roma
Santa Clara,Santa Clara
Sevilla,Sevilla
Sociedad,Real Sociedad
Sp Braga,Braga
Sp Lisbon,Sporting CP
Strasbourg,Strasbourg
Stuttgart,Stuttgart
Tottenham,Tottenham
Toulouse,Toulouse
Twente,Twente
Union Berlin,Union Berlin
Utrecht,Utrecht
Vallecano,Rayo Vallecano
Villarreal,Villarreal
West Ham,West Ham
