understat_match_id,league_code,league,season_start_year,season,datetime,date,home_team,away_team,home_goals,away_goals,home_xg,away_xg,total_xg,home_xg_minus_away_xg,forecast_home_win,forecast_draw,forecast_away_win,is_result,source_url
30224,Bundesliga,Bundesliga,2025,2025-26,2025-08-22 18:30:00,2025-08-22,Bayern Munich,RasenBallsport Leipzig,6,0,3.298850,0.522260,3.821110,2.776590,0.931000,0.051600,0.017400,True,https://understat.com/league/Bundesliga/2025
30225,Bundesliga,Bundesliga,2025,2025-26,2025-08-23 13:30:00,2025-08-23,FC Heidenheim,Wolfsburg,1,3,0.783156,2.577180,3.360336,-1.794024,0.035200,0.119200,0.845600,True,https://understat.com/league/Bundesliga/2025
30226,Bundesliga,Bundesliga,2025,2025-26,2025-08-23 13:30:00,2025-08-23,Bayer Leverkusen,Hoffenheim,1,2,1.052530,0.505193,1.557723,0.547337,0.525300,0.322300,0.152400,True,https://understat.com/league/Bundesliga/2025
30227,Bundesliga,Bundesliga,2025,2025-26,2025-08-23 13:30:00,2025-08-23,Union Berlin,VfB Stuttgart,2,1,0.529421,1.801470,2.330891,-1.272049,0.087800,0.205800,0.706400,True,https://understat.com/league/Bundesliga/2025
30228,Bundesliga,Bundesliga,2025,2025-26,2025-08-23 13:30:00,2025-08-23,Eintracht Frankfurt,Werder Bremen,4,1,3.106840,0.587822,3.694662,2.519018,0.930200,0.057700,0.012100,True,https://understat.com/league/Bundesliga/2025
30229,Bundesliga,Bundesliga,2025,2025-26,2025-08-23 13:30:00,2025-08-23,Freiburg,Augsburg,1,3,2.272470,1.301910,3.574380,0.970560,0.622400,0.213200,0.164400,True,https://understat.com/league/Bundesliga/2025
30230,Bundesliga,Bundesliga,2025,2025-26,2025-08-23 16:30:00,2025-08-23,St. Pauli,Borussia Dortmund,3,3,1.467720,2.102890,3.570610,-0.635170,0.197500,0.259500,0.543000,True,https://understat.com/league/Bundesliga/2025
30231,Bundesliga,Bundesliga,2025,2025-26,2025-08-24 13:30:00,2025-08-24,Mainz 05,FC Cologne,0,1,1.316550,1.646760,2.963310,-0.330210,0.278100,0.258500,0.463400,True,https://understat.com/league/Bundesliga/2025
30232,Bundesliga,Bundesliga,2025,2025-26,2025-08-24 15:30:00,2025-08-24,Borussia M.Gladbach,Hamburger SV,0,0,1.017170,0.285593,1.302763,0.731577,0.555000,0.353100,0.091900,True,https://understat.com/league/Bundesliga/2025
30233,Bundesliga,Bundesliga,2025,2025-26,2025-08-29 18:30:00,2025-08-29,Hamburger SV,St. Pauli,0,2,0.741110,1.854040,2.595150,-1.112930,0.099100,0.224400,0.676500,True,https://understat.com/league/Bundesliga/2025
30234,Bundesliga,Bundesliga,2025,2025-26,2025-08-30 13:30:00,2025-08-30,Hoffenheim,Eintracht Frankfurt,1,3,1.281780,1.820870,3.102650,-0.539090,0.213900,0.258900,0.527200,True,https://understat.com/league/Bundesliga/2025
30235,Bundesliga,Bundesliga,2025,2025-26,2025-08-30 13:30:00,2025-08-30,RasenBallsport Leipzig,FC Heidenheim,2,0,3.297170,0.969982,4.267152,2.327188,0.869500,0.092200,0.038300,True,https://understat.com/league/Bundesliga/2025
30236,Bundesliga,Bundesliga,2025,2025-26,2025-08-30 13:30:00,2025-08-30,Werder Bremen,Bayer Leverkusen,3,3,2.326760,2.037330,4.364090,0.289430,0.444000,0.256900,0.299100,True,https://understat.com/league/Bundesliga/2025
30237,Bundesliga,Bundesliga,2025,2025-26,2025-08-30 13:30:00,2025-08-30,VfB Stuttgart,Borussia M.Gladbach,1,0,0.925105,1.607170,2.532275,-0.682065,0.202500,0.250700,0.546800,True,https://understat.com/league/Bundesliga/2025
30238,Bundesliga,Bundesliga,2025,2025-26,2025-08-30 16:30:00,2025-08-30,Augsburg,Bayern Munich,2,3,0.506028,3.375230,3.881258,-2.869202,0.014100,0.054100,0.931800,True,https://understat.com/league/Bundesliga/2025
30239,Bundesliga,Bundesliga,2025,2025-26,2025-08-31 13:30:00,2025-08-31,Wolfsburg,Mainz 05,1,1,0.616661,1.814820,2.431481,-1.198159,0.079900,0.200200,0.719900,True,https://understat.com/league/Bundesliga/2025
30240,Bundesliga,Bundesliga,2025,2025-26,2025-08-31 15:30:00,2025-08-31,Borussia Dortmund,Union Berlin,3,0,1.826060,0.971167,2.797227,0.854893,0.600900,0.241600,0.157500,True,https://understat.com/league/Bundesliga/2025
30241,Bundesliga,Bundesliga,2025,2025-26,2025-08-31 17:30:00,2025-08-31,FC Cologne,Freiburg,4,1,1.840680,0.933072,2.773752,0.907608,0.610600,0.226300,0.163100,True,https://understat.com/league/Bundesliga/2025
30242,Bundesliga,Bundesliga,2025,2025-26,2025-09-12 18:30:00,2025-09-12,Bayer Leverkusen,Eintracht Frankfurt,3,1,2.314650,0.791863,3.106513,1.522787,0.762300,0.166600,0.071100,True,https://understat.com/league/Bundesliga/2025
30243,Bundesliga,Bundesliga,2025,2025-26,2025-09-13 13:30:00,2025-09-13,Freiburg,VfB Stuttgart,3,1,1.683200,0.548804,2.232004,1.134396,0.708700,0.209000,0.082300,True,https://understat.com/league/Bundesliga/2025
30244,Bundesliga,Bundesliga,2025,2025-26,2025-09-13 13:30:00,2025-09-13,FC Heidenheim,Borussia Dortmund,0,2,0.299026,2.849990,3.149016,-2.550964,0.011100,0.060900,0.928000,True,https://understat.com/league/Bundesliga/2025
30245,Bundesliga,Bundesliga,2025,2025-26,2025-09-13 13:30:00,2025-09-13,Mainz 05,RasenBallsport Leipzig,0,1,0.770276,1.500900,2.271176,-0.730624,0.168400,0.263200,0.568400,True,https://understat.com/league/Bundesliga/2025
30246,Bundesliga,Bundesliga,2025,2025-26,2025-09-13 13:30:00,2025-09-13,Wolfsburg,FC Cologne,3,3,1.798350,1.726310,3.524660,0.072040,0.370400,0.279600,0.350000,True,https://understat.com/league/Bundesliga/2025
30247,Bundesliga,Bundesliga,2025,2025-26,2025-09-13 13:30:00,2025-09-13,Union Berlin,Hoffenheim,2,4,3.081400,3.340840,6.422240,-0.259440,0.313900,0.234900,0.451200,True,https://understat.com/league/Bundesliga/2025
30248,Bundesliga,Bundesliga,2025,2025-26,2025-09-13 16:30:00,2025-09-13,Bayern Munich,Hamburger SV,5,0,3.037180,0.559174,3.596354,2.478006,0.901400,0.075700,0.022900,True,https://understat.com/league/Bundesliga/2025
30249,Bundesliga,Bundesliga,2025,2025-26,2025-09-14 13:30:00,2025-09-14,St. Pauli,Augsburg,2,1,1.954990,0.934223,2.889213,1.020767,0.684500,0.223800,0.091700,True,https://understat.com/league/Bundesliga/2025
30250,Bundesliga,Bundesliga,2025,2025-26,2025-09-14 15:30:00,2025-09-14,Borussia M.Gladbach,Werder Bremen,0,4,1.589320,2.246710,3.836030,-0.657390,0.226200,0.230200,0.543600,True,https://understat.com/league/Bundesliga/2025
30251,Bundesliga,Bundesliga,2025,2025-26,2025-09-19 18:30:00,2025-09-19,VfB Stuttgart,St. Pauli,2,0,2.788290,1.056570,3.844860,1.731720,0.792000,0.141300,0.066700,True,https://understat.com/league/Bundesliga/2025
30252,Bundesliga,Bundesliga,2025,2025-26,2025-09-20 13:30:00,2025-09-20,Werder Bremen,Freiburg,0,3,1.272570,2.363150,3.635720,-1.090580,0.110900,0.207500,0.681600,True,https://understat.com/league/Bundesliga/2025
30253,Bundesliga,Bundesliga,2025,2025-26,2025-09-20 13:30:00,2025-09-20,Augsburg,Mainz 05,1,4,0.870451,2.570470,3.440921,-1.700019,0.071900,0.145800,0.782300,True,https://understat.com/league/Bundesliga/2025
30254,Bundesliga,Bundesliga,2025,2025-26,2025-09-20 13:30:00,2025-09-20,Hamburger SV,FC Heidenheim,2,1,3.321570,2.636070,5.957640,0.685500,0.542700,0.186800,0.270500,True,https://understat.com/league/Bundesliga/2025
30255,Bundesliga,Bundesliga,2025,2025-26,2025-09-20 13:30:00,2025-09-20,Hoffenheim,Bayern Munich,1,4,1.037160,2.714200,3.751360,-1.677040,0.071500,0.137200,0.791300,True,https://understat.com/league/Bundesliga/2025
30256,Bundesliga,Bundesliga,2025,2025-26,2025-09-20 16:30:00,2025-09-20,RasenBallsport Leipzig,FC Cologne,3,1,3.795910,1.392640,5.188550,2.403270,0.897700,0.074000,0.028300,True,https://understat.com/league/Bundesliga/2025
30257,Bundesliga,Bundesliga,2025,2025-26,2025-09-21 13:30:00,2025-09-21,Eintracht Frankfurt,Union Berlin,3,4,1.755820,2.234190,3.990010,-0.478370,0.265500,0.235300,0.499200,True,https://understat.com/league/Bundesliga/2025
30258,Bundesliga,Bundesliga,2025,2025-26,2025-09-21 15:30:00,2025-09-21,Bayer Leverkusen,Borussia M.Gladbach,1,1,1.946100,1.298760,3.244860,0.647340,0.542100,0.244600,0.213300,True,https://understat.com/league/Bundesliga/2025
30259,Bundesliga,Bundesliga,2025,2025-26,2025-09-21 17:30:00,2025-09-21,Borussia Dortmund,Wolfsburg,1,0,1.247470,0.975457,2.222927,0.272013,0.401100,0.340500,0.258400,True,https://understat.com/league/Bundesliga/2025
30260,Bundesliga,Bundesliga,2025,2025-26,2025-09-26 18:30:00,2025-09-26,Bayern Munich,Werder Bremen,4,0,4.318590,0.298618,4.617208,4.019972,0.989300,0.009400,0.001300,True,https://understat.com/league/Bundesliga/2025
30261,Bundesliga,Bundesliga,2025,2025-26,2025-09-27 13:30:00,2025-09-27,FC Heidenheim,Augsburg,2,1,1.790970,0.619833,2.410803,1.171137,0.694100,0.213500,0.092400,True,https://understat.com/league/Bundesliga/2025
30262,Bundesliga,Bundesliga,2025,2025-26,2025-09-27 13:30:00,2025-09-27,Mainz 05,Borussia Dortmund,0,2,0.525149,1.755190,2.280339,-1.230041,0.059600,0.197600,0.742800,True,https://understat.com/league/Bundesliga/2025
30263,Bundesliga,Bundesliga,2025,2025-26,2025-09-27 13:30:00,2025-09-27,St. Pauli,Bayer Leverkusen,1,2,0.813325,1.289120,2.102445,-0.475795,0.203500,0.292600,0.503900,True,https://understat.com/league/Bundesliga/2025
30264,Bundesliga,Bundesliga,2025,2025-26,2025-09-27 13:30:00,2025-09-27,Wolfsburg,RasenBallsport Leipzig,0,1,2.596540,2.611070,5.207610,-0.014530,0.399400,0.207500,0.393100,True,https://understat.com/league/Bundesliga/2025
30265,Bundesliga,Bundesliga,2025,2025-26,2025-09-27 16:30:00,2025-09-27,Borussia M.Gladbach,Eintracht Frankfurt,4,6,2.129350,3.788790,5.918140,-1.659440,0.116500,0.148200,0.735300,True,https://understat.com/league/Bundesliga/2025
30266,Bundesliga,Bundesliga,2025,2025-26,2025-09-28 13:30:00,2025-09-28,Freiburg,Hoffenheim,1,1,1.258700,2.242240,3.500940,-0.983540,0.099600,0.249600,0.650800,True,https://understat.com/league/Bundesliga/2025
30267,Bundesliga,Bundesliga,2025,2025-26,2025-09-28 15:30:00,2025-09-28,FC Cologne,VfB Stuttgart,1,2,1.079720,2.209390,3.289110,-1.129670,0.128800,0.203400,0.667800,True,https://understat.com/league/Bundesliga/2025
30268,Bundesliga,Bundesliga,2025,2025-26,2025-09-28 17:30:00,2025-09-28,Union Berlin,Hamburger SV,0,0,1.542740,1.112740,2.655480,0.430000,0.488200,0.281200,0.230600,True,https://understat.com/league/Bundesliga/2025
30274,Bundesliga,Bundesliga,2025,2025-26,2025-10-03 18:30:00,2025-10-03,Hoffenheim,FC Cologne,0,1,1.423710,1.308730,2.732440,0.114980,0.373700,0.293100,0.333200,True,https://understat.com/league/Bundesliga/2025
30269,Bundesliga,Bundesliga,2025,2025-26,2025-10-04 13:30:00,2025-10-04,Bayer Leverkusen,Union Berlin,2,0,3.356730,1.196840,4.553570,2.159890,0.860900,0.095900,0.043200,True,https://understat.com/league/Bundesliga/2025
30271,Bundesliga,Bundesliga,2025,2025-26,2025-10-04 13:30:00,2025-10-04,Borussia Dortmund,RasenBallsport Leipzig,1,1,0.668613,1.140770,1.809383,-0.472157,0.195500,0.321600,0.482900,True,https://understat.com/league/Bundesliga/2025
30276,Bundesliga,Bundesliga,2025,2025-26,2025-10-04 13:30:00,2025-10-04,Augsburg,Wolfsburg,3,1,1.753260,1.225840,2.979100,0.527420,0.506800,0.246700,0.246500,True,https://understat.com/league/Bundesliga/2025
30277,Bundesliga,Bundesliga,2025,2025-26,2025-10-04 13:30:00,2025-10-04,Werder Bremen,St. Pauli,1,0,1.779570,0.912425,2.691995,0.867145,0.603300,0.237500,0.159200,True,https://understat.com/league/Bundesliga/2025
30272,Bundesliga,Bundesliga,2025,2025-26,2025-10-04 16:30:00,2025-10-04,Eintracht Frankfurt,Bayern Munich,0,3,0.560138,2.230100,2.790238,-1.669962,0.045500,0.140300,0.814200,True,https://understat.com/league/Bundesliga/2025
30275,Bundesliga,Bundesliga,2025,2025-26,2025-10-05 13:30:00,2025-10-05,VfB Stuttgart,FC Heidenheim,1,0,1.107810,0.290942,1.398752,0.816868,0.585600,0.322400,0.092000,True,https://understat.com/league/Bundesliga/2025
30273,Bundesliga,Bundesliga,2025,2025-26,2025-10-05 15:30:00,2025-10-05,Hamburger SV,Mainz 05,4,0,1.658830,0.591161,2.249991,1.067669,0.660200,0.227600,0.112200,True,https://understat.com/league/Bundesliga/2025
30270,Bundesliga,Bundesliga,2025,2025-26,2025-10-05 17:30:00,2025-10-05,Borussia M.Gladbach,Freiburg,0,0,0.471184,0.689073,1.160257,-0.217889,0.219700,0.425100,0.355200,True,https://understat.com/league/Bundesliga/2025
30285,Bundesliga,Bundesliga,2025,2025-26,2025-10-17 18:30:00,2025-10-17,Union Berlin,Borussia M.Gladbach,3,1,1.530320,0.628848,2.159168,0.901472,0.610100,0.248900,0.141000,True,https://understat.com/league/Bundesliga/2025
30279,Bundesliga,Bundesliga,2025,2025-26,2025-10-18 13:30:00,2025-10-18,FC Cologne,Augsburg,1,1,0.523854,1.119170,1.643024,-0.595316,0.125700,0.303600,0.570700,True,https://understat.com/league/Bundesliga/2025
30281,Bundesliga,Bundesliga,2025,2025-26,2025-10-18 13:30:00,2025-10-18,FC Heidenheim,Werder Bremen,2,2,3.076350,1.856380,4.932730,1.219970,0.652800,0.185000,0.162200,True,https://understat.com/league/Bundesliga/2025
30282,Bundesliga,Bundesliga,2025,2025-26,2025-10-18 13:30:00,2025-10-18,Mainz 05,Bayer Leverkusen,3,4,1.629780,4.434620,6.064400,-2.804840,0.033800,0.065300,0.900900,True,https://understat.com/league/Bundesliga/2025
30283,Bundesliga,Bundesliga,2025,2025-26,2025-10-18 13:30:00,2025-10-18,RasenBallsport Leipzig,Hamburger SV,2,1,1.156110,1.293550,2.449660,-0.137440,0.317100,0.299700,0.383200,True,https://understat.com/league/Bundesliga/2025
30286,Bundesliga,Bundesliga,2025,2025-26,2025-10-18 13:30:00,2025-10-18,Wolfsburg,VfB Stuttgart,0,3,0.392885,2.394740,2.787625,-2.001855,0.031300,0.105400,0.863300,True,https://understat.com/league/Bundesliga/2025
30278,Bundesliga,Bundesliga,2025,2025-26,2025-10-18 16:30:00,2025-10-18,Bayern Munich,Borussia Dortmund,2,1,2.819940,1.410110,4.230050,1.409830,0.733500,0.180300,0.086200,True,https://understat.com/league/Bundesliga/2025
30280,Bundesliga,Bundesliga,2025,2025-26,2025-10-19 13:30:00,2025-10-19,Freiburg,Eintracht Frankfurt,2,2,1.128960,0.772638,1.901598,0.356322,0.449000,0.308700,0.242300,True,https://understat.com/league/Bundesliga/2025
30284,Bundesliga,Bundesliga,2025,2025-26,2025-10-19 15:30:00,2025-10-19,St. Pauli,Hoffenheim,0,3,0.871968,1.791030,2.662998,-0.919062,0.130900,0.260000,0.609100,True,https://understat.com/league/Bundesliga/2025
30295,Bundesliga,Bundesliga,2025,2025-26,2025-10-24 18:30:00,2025-10-24,Werder Bremen,Union Berlin,1,0,1.144400,0.487613,1.632013,0.656787,0.550600,0.305000,0.144400,True,https://understat.com/league/Bundesliga/2025
30287,Bundesliga,Bundesliga,2025,2025-26,2025-10-25 13:30:00,2025-10-25,Augsburg,RasenBallsport Leipzig,0,6,0.639182,2.694380,3.333562,-2.055198,0.045500,0.106000,0.848500,True,https://understat.com/league/Bundesliga/2025
30289,Bundesliga,Bundesliga,2025,2025-26,2025-10-25 13:30:00,2025-10-25,Borussia M.Gladbach,Bayern Munich,0,3,0.757777,2.650260,3.408037,-1.892483,0.030900,0.135200,0.833900,True,https://understat.com/league/Bundesliga/2025
30291,Bundesliga,Bundesliga,2025,2025-26,2025-10-25 13:30:00,2025-10-25,Eintracht Frankfurt,St. Pauli,2,0,2.426320,0.519973,2.946293,1.906347,0.875100,0.099800,0.025100,True,https://understat.com/league/Bundesliga/2025
30292,Bundesliga,Bundesliga,2025,2025-26,2025-10-25 13:30:00,2025-10-25,Hamburger SV,Wolfsburg,0,1,2.405470,0.695528,3.100998,1.709942,0.823400,0.142200,0.034400,True,https://understat.com/league/Bundesliga/2025
30293,Bundesliga,Bundesliga,2025,2025-26,2025-10-25 13:30:00,2025-10-25,Hoffenheim,FC Heidenheim,3,1,2.427800,0.902315,3.330115,1.525485,0.764900,0.154700,0.080400,True,https://understat.com/league/Bundesliga/2025
30290,Bundesliga,Bundesliga,2025,2025-26,2025-10-25 16:30:00,2025-10-25,Borussia Dortmund,FC Cologne,1,0,2.091250,0.705630,2.796880,1.385620,0.718100,0.194300,0.087600,True,https://understat.com/league/Bundesliga/2025
30288,Bundesliga,Bundesliga,2025,2025-26,2025-10-26 13:30:00,2025-10-26,Bayer Leverkusen,Freiburg,2,0,2.467870,0.542897,3.010767,1.924973,0.853500,0.108900,0.037600,True,https://understat.com/league/Bundesliga/2025
30294,Bundesliga,Bundesliga,2025,2025-26,2025-10-26 15:30:00,2025-10-26,VfB Stuttgart,Mainz 05,2,1,1.668050,1.409560,3.077610,0.258490,0.421100,0.283100,0.295800,True,https://understat.com/league/Bundesliga/2025
30296,Bundesliga,Bundesliga,2025,2025-26,2025-10-31 19:30:00,2025-10-31,Augsburg,Borussia Dortmund,0,1,0.969501,0.588196,1.557697,0.381305,0.456100,0.364800,0.179100,True,https://understat.com/league/Bundesliga/2025
30299,Bundesliga,Bundesliga,2025,2025-26,2025-11-01 14:30:00,2025-11-01,FC Heidenheim,Eintracht Frankfurt,1,1,0.831882,1.224060,2.055942,-0.392178,0.236700,0.321500,0.441800,True,https://understat.com/league/Bundesliga/2025
30300,Bundesliga,Bundesliga,2025,2025-26,2025-11-01 14:30:00,2025-11-01,Mainz 05,Werder Bremen,1,1,1.901610,0.880505,2.782115,1.021105,0.656400,0.217400,0.126200,True,https://understat.com/league/Bundesliga/2025
30301,Bundesliga,Bundesliga,2025,2025-26,2025-11-01 14:30:00,2025-11-01,RasenBallsport Leipzig,VfB Stuttgart,3,1,1.734710,1.070100,2.804810,0.664610,0.541900,0.246100,0.212000,True,https://understat.com/league/Bundesliga/2025
30302,Bundesliga,Bundesliga,2025,2025-26,2025-11-01 14:30:00,2025-11-01,St. Pauli,Borussia M.Gladbach,0,4,0.804394,3.626200,4.430594,-2.821806,0.017800,0.051400,0.930800,True,https://understat.com/league/Bundesliga/2025
30303,Bundesliga,Bundesliga,2025,2025-26,2025-11-01 14:30:00,2025-11-01,Union Berlin,Freiburg,0,0,1.348420,1.165190,2.513610,0.183230,0.403900,0.290000,0.306100,True,https://understat.com/league/Bundesliga/2025
30297,Bundesliga,Bundesliga,2025,2025-26,2025-11-01 17:30:00,2025-11-01,Bayern Munich,Bayer Leverkusen,3,0,2.282950,0.382774,2.665724,1.900176,0.854400,0.112900,0.032700,True,https://understat.com/league/Bundesliga/2025
30298,Bundesliga,Bundesliga,2025,2025-26,2025-11-02 14:30:00,2025-11-02,FC Cologne,Hamburger SV,4,1,3.873760,1.192960,5.066720,2.680800,0.899700,0.068200,0.032100,True,https://understat.com/league/Bundesliga/2025
30304,Bundesliga,Bundesliga,2025,2025-26,2025-11-02 16:30:00,2025-11-02,Wolfsburg,Hoffenheim,2,3,1.401170,1.742910,3.144080,-0.341740,0.281500,0.261400,0.457100,True,https://understat.com/league/Bundesliga/2025
30313,Bundesliga,Bundesliga,2025,2025-26,2025-11-07 19:30:00,2025-11-07,Werder Bremen,Wolfsburg,2,1,1.694560,0.676326,2.370886,1.018234,0.635900,0.241000,0.123100,True,https://understat.com/league/Bundesliga/2025
30305,Bundesliga,Bundesliga,2025,2025-26,2025-11-08 14:30:00,2025-11-08,Bayer Leverkusen,FC Heidenheim,6,0,3.901420,0.063377,3.964797,3.838043,0.996900,0.003100,0.000000,True,https://understat.com/league/Bundesliga/2025
30309,Bundesliga,Bundesliga,2025,2025-26,2025-11-08 14:30:00,2025-11-08,Hamburger SV,Borussia Dortmund,1,1,0.419878,1.425820,1.845698,-1.005942,0.093100,0.248500,0.658400,True,https://understat.com/league/Bundesliga/2025
30310,Bundesliga,Bundesliga,2025,2025-26,2025-11-08 14:30:00,2025-11-08,Hoffenheim,RasenBallsport Leipzig,3,1,1.923490,1.561870,3.485360,0.361620,0.456800,0.264300,0.278900,True,https://understat.com/league/Bundesliga/2025
30312,Bundesliga,Bundesliga,2025,2025-26,2025-11-08 14:30:00,2025-11-08,Union Berlin,Bayern Munich,2,2,1.027780,1.342460,2.370240,-0.314680,0.270900,0.300600,0.428500,True,https://understat.com/league/Bundesliga/2025
30306,Bundesliga,Bundesliga,2025,2025-26,2025-11-08 17:30:00,2025-11-08,Borussia M.Gladbach,FC Cologne,3,1,2.462060,2.158180,4.620240,0.303880,0.453100,0.255500,0.291400,True,https://understat.com/league/Bundesliga/2025
30308,Bundesliga,Bundesliga,2025,2025-26,2025-11-09 14:30:00,2025-11-09,Freiburg,St. Pauli,2,1,1.665580,0.640748,2.306328,1.024832,0.673600,0.233400,0.093000,True,https://understat.com/league/Bundesliga/2025
30311,Bundesliga,Bundesliga,2025,2025-26,2025-11-09 16:30:00,2025-11-09,VfB Stuttgart,Augsburg,3,2,2.445260,1.903450,4.348710,0.541810,0.511700,0.236900,0.251400,True,https://understat.com/league/Bundesliga/2025
30307,Bundesliga,Bundesliga,2025,2025-26,2025-11-09 18:30:00,2025-11-09,Eintracht Frankfurt,Mainz 05,1,0,1.778540,0.121469,1.900009,1.657071,0.842500,0.141500,0.016000,True,https://understat.com/league/Bundesliga/2025
30319,Bundesliga,Bundesliga,2025,2025-26,2025-11-21 19:30:00,2025-11-21,Mainz 05,Hoffenheim,1,1,2.887120,1.544040,4.431160,1.343080,0.706900,0.162500,0.130600,True,https://understat.com/league/Bundesliga/2025
30314,Bundesliga,Bundesliga,2025,2025-26,2025-11-22 14:30:00,2025-11-22,Augsburg,Hamburger SV,1,0,1.618970,1.555000,3.173970,0.063970,0.376300,0.285800,0.337900,True,https://understat.com/league/Bundesliga/2025
30315,Bundesliga,Bundesliga,2025,2025-26,2025-11-22 14:30:00,2025-11-22,Bayern Munich,Freiburg,6,2,3.138580,0.516966,3.655546,2.621614,0.910700,0.066600,0.022700,True,https://understat.com/league/Bundesliga/2025
30316,Bundesliga,Bundesliga,2025,2025-26,2025-11-22 14:30:00,2025-11-22,Borussia Dortmund,VfB Stuttgart,3,3,3.151240,1.809420,4.960660,1.341820,0.715900,0.170000,0.114100,True,https://understat.com/league/Bundesliga/2025
30318,Bundesliga,Bundesliga,2025,2025-26,2025-11-22 14:30:00,2025-11-22,FC Heidenheim,Borussia M.Gladbach,0,3,0.363207,2.796660,3.159867,-2.433453,0.011900,0.052700,0.935400,True,https://understat.com/league/Bundesliga/2025
30322,Bundesliga,Bundesliga,2025,2025-26,2025-11-22 14:30:00,2025-11-22,Wolfsburg,Bayer Leverkusen,1,3,2.079790,1.586440,3.666230,0.493350,0.490200,0.247800,0.262000,True,https://understat.com/league/Bundesliga/2025
30317,Bundesliga,Bundesliga,2025,2025-26,2025-11-22 17:30:00,2025-11-22,FC Cologne,Eintracht Frankfurt,3,4,1.389230,2.445060,3.834290,-1.055830,0.151500,0.205300,0.643200,True,https://understat.com/league/Bundesliga/2025
30320,Bundesliga,Bundesliga,2025,2025-26,2025-11-23 14:30:00,2025-11-23,RasenBallsport Leipzig,Werder Bremen,2,0,2.428340,0.774872,3.203212,1.653468,0.794000,0.143400,0.062600,True,https://understat.com/league/Bundesliga/2025
30321,Bundesliga,Bundesliga,2025,2025-26,2025-11-23 16:30:00,2025-11-23,St. Pauli,Union Berlin,0,1,0.568717,0.398431,0.967148,0.170286,0.327300,0.471800,0.200900,True,https://understat.com/league/Bundesliga/2025
30325,Bundesliga,Bundesliga,2025,2025-26,2025-11-28 19:30:00,2025-11-28,Borussia M.Gladbach,RasenBallsport Leipzig,0,0,0.388883,1.092320,1.481203,-0.703437,0.125200,0.328800,0.546000,True,https://understat.com/league/Bundesliga/2025
30324,Bundesliga,Bundesliga,2025,2025-26,2025-11-29 14:30:00,2025-11-29,Bayern Munich,St. Pauli,3,1,2.539420,0.740730,3.280150,1.798690,0.804300,0.136300,0.059400,True,https://understat.com/league/Bundesliga/2025
30329,Bundesliga,Bundesliga,2025,2025-26,2025-11-29 14:30:00,2025-11-29,Hoffenheim,Augsburg,3,0,1.796120,0.655496,2.451616,1.140624,0.677600,0.212200,0.110200,True,https://understat.com/league/Bundesliga/2025
30330,Bundesliga,Bundesliga,2025,2025-26,2025-11-29 14:30:00,2025-11-29,Union Berlin,FC Heidenheim,1,2,0.942923,0.522102,1.465025,0.420821,0.463500,0.348300,0.188200,True,https://understat.com/league/Bundesliga/2025
30331,Bundesliga,Bundesliga,2025,2025-26,2025-11-29 14:30:00,2025-11-29,Werder Bremen,FC Cologne,1,1,1.536680,1.184800,2.721480,0.351880,0.451800,0.275600,0.272600,True,https://understat.com/league/Bundesliga/2025
30323,Bundesliga,Bundesliga,2025,2025-26,2025-11-29 17:30:00,2025-11-29,Bayer Leverkusen,Borussia Dortmund,1,2,1.082870,1.156200,2.239070,-0.073330,0.328000,0.305300,0.366700,True,https://understat.com/league/Bundesliga/2025
30328,Bundesliga,Bundesliga,2025,2025-26,2025-11-30 14:30:00,2025-11-30,Hamburger SV,VfB Stuttgart,2,1,1.213570,1.108680,2.322250,0.104890,0.372900,0.312800,0.314300,True,https://understat.com/league/Bundesliga/2025
30326,Bundesliga,Bundesliga,2025,2025-26,2025-11-30 16:30:00,2025-11-30,Eintracht Frankfurt,Wolfsburg,1,1,1.660510,1.606450,3.266960,0.054060,0.382200,0.277400,0.340400,True,https://understat.com/league/Bundesliga/2025
30327,Bundesliga,Bundesliga,2025,2025-26,2025-11-30 18:30:00,2025-11-30,Freiburg,Mainz 05,4,0,4.156770,0.050062,4.206832,4.106708,0.998600,0.001400,0.000000,True,https://understat.com/league/Bundesliga/2025
30339,Bundesliga,Bundesliga,2025,2025-26,2025-12-05 19:30:00,2025-12-05,Mainz 05,Borussia M.Gladbach,0,1,1.093310,1.902970,2.996280,-0.809660,0.173700,0.244400,0.581900,True,https://understat.com/league/Bundesliga/2025
30332,Bundesliga,Bundesliga,2025,2025-26,2025-12-06 14:30:00,2025-12-06,VfB Stuttgart,Bayern Munich,0,5,0.729313,4.078670,4.807983,-3.349357,0.008700,0.028700,0.962600,True,https://understat.com/league/Bundesliga/2025
30333,Bundesliga,Bundesliga,2025,2025-26,2025-12-06 14:30:00,2025-12-06,Wolfsburg,Union Berlin,3,1,0.929936,2.019320,2.949256,-1.089384,0.104100,0.231400,0.664500,True,https://understat.com/league/Bundesliga/2025
30334,Bundesliga,Bundesliga,2025,2025-26,2025-12-06 14:30:00,2025-12-06,Augsburg,Bayer Leverkusen,2,0,2.141020,1.418890,3.559910,0.722130,0.555500,0.216200,0.228300,True,https://understat.com/league/Bundesliga/2025
30336,Bundesliga,Bundesliga,2025,2025-26,2025-12-06 14:30:00,2025-12-06,FC Cologne,St. Pauli,1,1,1.904090,0.143945,2.048035,1.760145,0.913600,0.077000,0.009400,True,https://understat.com/league/Bundesliga/2025
30338,Bundesliga,Bundesliga,2025,2025-26,2025-12-06 14:30:00,2025-12-06,FC Heidenheim,Freiburg,2,1,2.665920,0.800321,3.466241,1.865599,0.817400,0.122400,0.060200,True,https://understat.com/league/Bundesliga/2025
30340,Bundesliga,Bundesliga,2025,2025-26,2025-12-06 17:30:00,2025-12-06,RasenBallsport Leipzig,Eintracht Frankfurt,6,0,3.641820,0.473289,4.115109,3.168531,0.976600,0.020200,0.003200,True,https://understat.com/league/Bundesliga/2025
30337,Bundesliga,Bundesliga,2025,2025-26,2025-12-07 14:30:00,2025-12-07,Hamburger SV,Werder Bremen,3,2,1.577130,1.173490,2.750620,0.403640,0.466100,0.277000,0.256900,True,https://understat.com/league/Bundesliga/2025
30335,Bundesliga,Bundesliga,2025,2025-26,2025-12-07 16:30:00,2025-12-07,Borussia Dortmund,Hoffenheim,2,0,1.101470,1.423640,2.525110,-0.322170,0.243500,0.314600,0.441900,True,https://understat.com/league/Bundesliga/2025
30348,Bundesliga,Bundesliga,2025,2025-26,2025-12-12 19:30:00,2025-12-12,Union Berlin,RasenBallsport Leipzig,3,1,1.476600,0.495677,1.972277,0.980923,0.650500,0.246700,0.102800,True,https://understat.com/league/Bundesliga/2025
30343,Bundesliga,Bundesliga,2025,2025-26,2025-12-13 14:30:00,2025-12-13,Borussia M.Gladbach,Wolfsburg,1,3,0.620418,2.721420,3.341838,-2.101002,0.033900,0.097900,0.868200,True,https://understat.com/league/Bundesliga/2025
30344,Bundesliga,Bundesliga,2025,2025-26,2025-12-13 14:30:00,2025-12-13,Eintracht Frankfurt,Augsburg,1,0,1.520240,0.655733,2.175973,0.864507,0.611100,0.253100,0.135800,True,https://understat.com/league/Bundesliga/2025
30346,Bundesliga,Bundesliga,2025,2025-26,2025-12-13 14:30:00,2025-12-13,Hoffenheim,Hamburger SV,4,1,2.488060,1.405220,3.893280,1.082840,0.657100,0.209800,0.133100,True,https://understat.com/league/Bundesliga/2025
30347,Bundesliga,Bundesliga,2025,2025-26,2025-12-13 14:30:00,2025-12-13,St. Pauli,FC Heidenheim,2,1,1.000370,1.894400,2.894770,-0.894030,0.146300,0.235900,0.617800,True,https://understat.com/league/Bundesliga/2025
30341,Bundesliga,Bundesliga,2025,2025-26,2025-12-13 17:30:00,2025-12-13,Bayer Leverkusen,FC Cologne,2,0,2.295000,0.436565,2.731565,1.858435,0.826900,0.136200,0.036900,True,https://understat.com/league/Bundesliga/2025
30345,Bundesliga,Bundesliga,2025,2025-26,2025-12-14 14:30:00,2025-12-14,Freiburg,Borussia Dortmund,1,1,1.106210,1.474270,2.580480,-0.368060,0.253300,0.269000,0.477700,True,https://understat.com/league/Bundesliga/2025
30342,Bundesliga,Bundesliga,2025,2025-26,2025-12-14 16:30:00,2025-12-14,Bayern Munich,Mainz 05,2,2,4.679560,0.803171,5.482731,3.876389,0.979700,0.017000,0.003300,True,https://understat.com/league/Bundesliga/2025
30349,Bundesliga,Bundesliga,2025,2025-26,2025-12-14 18:30:00,2025-12-14,Werder Bremen,VfB Stuttgart,0,4,0.607898,2.052090,2.659988,-1.444192,0.088500,0.187000,0.724500,True,https://understat.com/league/Bundesliga/2025
30351,Bundesliga,Bundesliga,2025,2025-26,2025-12-19 19:30:00,2025-12-19,Borussia Dortmund,Borussia M.Gladbach,2,0,1.653940,0.221237,1.875177,1.432703,0.796000,0.168800,0.035200,True,https://understat.com/league/Bundesliga/2025
30350,Bundesliga,Bundesliga,2025,2025-26,2025-12-20 14:30:00,2025-12-20,Augsburg,Werder Bremen,0,0,1.494110,0.906860,2.400970,0.587250,0.521800,0.286100,0.192100,True,https://understat.com/league/Bundesliga/2025
30352,Bundesliga,Bundesliga,2025,2025-26,2025-12-20 14:30:00,2025-12-20,FC Cologne,Union Berlin,0,1,0.677102,1.473900,2.151002,-0.796798,0.145000,0.257500,0.597500,True,https://understat.com/league/Bundesliga/2025
30353,Bundesliga,Bundesliga,2025,2025-26,2025-12-20 14:30:00,2025-12-20,Hamburger SV,Eintracht Frankfurt,1,1,1.097690,1.091370,2.189060,0.006320,0.335600,0.349600,0.314800,True,https://understat.com/league/Bundesliga/2025
30357,Bundesliga,Bundesliga,2025,2025-26,2025-12-20 14:30:00,2025-12-20,VfB Stuttgart,Hoffenheim,0,0,1.461160,0.154175,1.615335,1.306985,0.802400,0.174300,0.023300,True,https://understat.com/league/Bundesliga/2025
30358,Bundesliga,Bundesliga,2025,2025-26,2025-12-20 14:30:00,2025-12-20,Wolfsburg,Freiburg,3,4,1.305830,2.659640,3.965470,-1.353810,0.093200,0.176300,0.730500,True,https://understat.com/league/Bundesliga/2025
30356,Bundesliga,Bundesliga,2025,2025-26,2025-12-20 17:30:00,2025-12-20,RasenBallsport Leipzig,Bayer Leverkusen,1,3,1.939290,2.704780,4.644070,-0.765490,0.230100,0.209200,0.560700,True,https://understat.com/league/Bundesliga/2025
30355,Bundesliga,Bundesliga,2025,2025-26,2025-12-21 14:30:00,2025-12-21,Mainz 05,St. Pauli,0,0,1.873680,0.227249,2.100929,1.646431,0.841000,0.133400,0.025600,True,https://understat.com/league/Bundesliga/2025
30354,Bundesliga,Bundesliga,2025,2025-26,2025-12-21 16:30:00,2025-12-21,FC Heidenheim,Bayern Munich,0,4,1.487580,3.367950,4.855530,-1.880370,0.070600,0.134100,0.795300,True,https://understat.com/league/Bundesliga/2025
30362,Bundesliga,Bundesliga,2025,2025-26,2026-01-09 19:30:00,2026-01-09,Eintracht Frankfurt,Borussia Dortmund,3,3,1.664260,2.298270,3.962530,-0.634010,0.236400,0.232200,0.531400,True,https://understat.com/league/Bundesliga/2025
30363,Bundesliga,Bundesliga,2025,2025-26,2026-01-10 14:30:00,2026-01-10,Freiburg,Hamburger SV,2,1,2.935170,0.850812,3.785982,2.084358,0.871000,0.093200,0.035800,True,https://understat.com/league/Bundesliga/2025
30364,Bundesliga,Bundesliga,2025,2025-26,2026-01-10 14:30:00,2026-01-10,FC Heidenheim,FC Cologne,2,2,2.146350,2.756240,4.902590,-0.609890,0.259200,0.217900,0.522900,True,https://understat.com/league/Bundesliga/2025
30366,Bundesliga,Bundesliga,2025,2025-26,2026-01-10 14:30:00,2026-01-10,Union Berlin,Mainz 05,2,2,3.650500,1.564920,5.215420,2.085580,0.831100,0.112800,0.056100,True,https://understat.com/league/Bundesliga/2025
30359,Bundesliga,Bundesliga,2025,2025-26,2026-01-10 17:30:00,2026-01-10,Bayer Leverkusen,VfB Stuttgart,1,4,1.983180,2.688220,4.671400,-0.705040,0.218900,0.218600,0.562500,True,https://understat.com/league/Bundesliga/2025
30361,Bundesliga,Bundesliga,2025,2025-26,2026-01-11 14:30:00,2026-01-11,Borussia M.Gladbach,Augsburg,4,0,3.572010,1.575020,5.147030,1.996990,0.830700,0.113200,0.056100,True,https://understat.com/league/Bundesliga/2025
30360,Bundesliga,Bundesliga,2025,2025-26,2026-01-11 16:30:00,2026-01-11,Bayern Munich,Wolfsburg,8,1,3.549310,1.085150,4.634460,2.464160,0.888200,0.079600,0.032200,True,https://understat.com/league/Bundesliga/2025
30375,Bundesliga,Bundesliga,2025,2025-26,2026-01-13 17:30:00,2026-01-13,VfB Stuttgart,Eintracht Frankfurt,3,2,3.544610,0.896468,4.441078,2.648142,0.902200,0.069300,0.028500,True,https://understat.com/league/Bundesliga/2025
30369,Bundesliga,Bundesliga,2025,2025-26,2026-01-13 19:30:00,2026-01-13,Borussia Dortmund,Werder Bremen,3,0,2.317690,0.399480,2.717170,1.918210,0.857600,0.115500,0.026900,True,https://understat.com/league/Bundesliga/2025
30373,Bundesliga,Bundesliga,2025,2025-26,2026-01-13 19:30:00,2026-01-13,Mainz 05,FC Heidenheim,2,1,1.956860,1.235570,3.192430,0.721290,0.552300,0.247400,0.200300,True,https://understat.com/league/Bundesliga/2025
30376,Bundesliga,Bundesliga,2025,2025-26,2026-01-14 17:30:00,2026-01-14,Wolfsburg,St. Pauli,2,1,1.780320,1.211710,2.992030,0.568610,0.503700,0.351600,0.144700,True,https://understat.com/league/Bundesliga/2025
30370,Bundesliga,Bundesliga,2025,2025-26,2026-01-14 19:30:00,2026-01-14,FC Cologne,Bayern Munich,1,3,0.714659,2.116350,2.831009,-1.401691,0.081500,0.179600,0.738900,True,https://understat.com/league/Bundesliga/2025
30372,Bundesliga,Bundesliga,2025,2025-26,2026-01-14 19:30:00,2026-01-14,Hoffenheim,Borussia M.Gladbach,5,1,4.377700,0.832940,5.210640,3.544760,0.961600,0.030100,0.008300,True,https://understat.com/league/Bundesliga/2025
30374,Bundesliga,Bundesliga,2025,2025-26,2026-01-14 19:30:00,2026-01-14,RasenBallsport Leipzig,Freiburg,2,0,2.802890,0.147682,2.950572,2.655208,0.946200,0.047300,0.006500,True,https://understat.com/league/Bundesliga/2025
30368,Bundesliga,Bundesliga,2025,2025-26,2026-01-15 19:30:00,2026-01-15,Augsburg,Union Berlin,1,1,0.559529,1.738310,2.297839,-1.178781,0.087500,0.207200,0.705300,True,https://understat.com/league/Bundesliga/2025
30384,Bundesliga,Bundesliga,2025,2025-26,2026-01-16 19:30:00,2026-01-16,Werder Bremen,Eintracht Frankfurt,3,3,2.101110,1.207720,3.308830,0.893390,0.597300,0.231400,0.171300,True,https://understat.com/league/Bundesliga/2025
30378,Bundesliga,Bundesliga,2025,2025-26,2026-01-17 14:30:00,2026-01-17,Borussia Dortmund,St. Pauli,3,2,2.547700,0.532613,3.080313,2.015087,0.870100,0.100000,0.029900,True,https://understat.com/league/Bundesliga/2025
30379,Bundesliga,Bundesliga,2025,2025-26,2026-01-17 14:30:00,2026-01-17,FC Cologne,Mainz 05,2,1,2.412770,1.910730,4.323500,0.502040,0.489300,0.244400,0.266300,True,https://understat.com/league/Bundesliga/2025
30380,Bundesliga,Bundesliga,2025,2025-26,2026-01-17 14:30:00,2026-01-17,Hamburger SV,Borussia M.Gladbach,0,0,1.262050,0.576522,1.838572,0.685528,0.536300,0.307100,0.156600,True,https://understat.com/league/Bundesliga/2025
30381,Bundesliga,Bundesliga,2025,2025-26,2026-01-17 14:30:00,2026-01-17,Hoffenheim,Bayer Leverkusen,1,0,2.119950,1.270480,3.390430,0.849470,0.582200,0.242700,0.175100,True,https://understat.com/league/Bundesliga/2025
30385,Bundesliga,Bundesliga,2025,2025-26,2026-01-17 14:30:00,2026-01-17,Wolfsburg,FC Heidenheim,1,1,1.076530,0.991172,2.067702,0.085358,0.362200,0.319000,0.318800,True,https://understat.com/league/Bundesliga/2025
30382,Bundesliga,Bundesliga,2025,2025-26,2026-01-17 17:30:00,2026-01-17,RasenBallsport Leipzig,Bayern Munich,1,5,2.869170,4.652260,7.521430,-1.783090,0.128400,0.131800,0.739800,True,https://understat.com/league/Bundesliga/2025
30383,Bundesliga,Bundesliga,2025,2025-26,2026-01-18 14:30:00,2026-01-18,VfB Stuttgart,Union Berlin,1,1,2.197800,1.887630,4.085430,0.310170,0.463800,0.233200,0.303000,True,https://understat.com/league/Bundesliga/2025
30377,Bundesliga,Bundesliga,2025,2025-26,2026-01-18 16:30:00,2026-01-18,Augsburg,Freiburg,2,2,0.986653,1.591070,2.577723,-0.604417,0.184300,0.284000,0.531700,True,https://understat.com/league/Bundesliga/2025
30393,Bundesliga,Bundesliga,2025,2025-26,2026-01-23 19:30:00,2026-01-23,St. Pauli,Hamburger SV,0,0,0.311991,0.333197,0.645188,-0.021206,0.192900,0.580500,0.226600,True,https://understat.com/league/Bundesliga/2025
30386,Bundesliga,Bundesliga,2025,2025-26,2026-01-24 14:30:00,2026-01-24,Bayer Leverkusen,Werder Bremen,1,0,2.515990,0.673986,3.189976,1.842004,0.836900,0.115000,0.048100,True,https://understat.com/league/Bundesliga/2025
30387,Bundesliga,Bundesliga,2025,2025-26,2026-01-24 14:30:00,2026-01-24,Bayern Munich,Augsburg,1,2,2.307730,1.245510,3.553240,1.062220,0.641300,0.209800,0.148900,True,https://understat.com/league/Bundesliga/2025
30389,Bundesliga,Bundesliga,2025,2025-26,2026-01-24 14:30:00,2026-01-24,Eintracht Frankfurt,Hoffenheim,1,3,0.829658,1.628130,2.457788,-0.798472,0.161600,0.244300,0.594100,True,https://understat.com/league/Bundesliga/2025
30391,Bundesliga,Bundesliga,2025,2025-26,2026-01-24 14:30:00,2026-01-24,FC Heidenheim,RasenBallsport Leipzig,0,3,0.987658,2.076750,3.064408,-1.089092,0.117800,0.217300,0.664900,True,https://understat.com/league/Bundesliga/2025
30392,Bundesliga,Bundesliga,2025,2025-26,2026-01-24 14:30:00,2026-01-24,Mainz 05,Wolfsburg,3,1,4.341990,1.093380,5.435370,3.248610,0.962700,0.030800,0.006500,True,https://understat.com/league/Bundesliga/2025
30394,Bundesliga,Bundesliga,2025,2025-26,2026-01-24 17:30:00,2026-01-24,Union Berlin,Borussia Dortmund,0,3,0.989732,2.272860,3.262592,-1.283128,0.101700,0.183600,0.714700,True,https://understat.com/league/Bundesliga/2025
30388,Bundesliga,Bundesliga,2025,2025-26,2026-01-25 14:30:00,2026-01-25,Borussia M.Gladbach,VfB Stuttgart,0,3,1.221970,2.726820,3.948790,-1.504850,0.087900,0.171000,0.741100,True,https://understat.com/league/Bundesliga/2025
30390,Bundesliga,Bundesliga,2025,2025-26,2026-01-25 16:30:00,2026-01-25,Freiburg,FC Cologne,2,1,2.567280,1.691190,4.258470,0.876090,0.606800,0.201600,0.191600,True,https://understat.com/league/Bundesliga/2025
30365,Bundesliga,Bundesliga,2025,2025-26,2026-01-27 19:30:00,2026-01-27,St. Pauli,RasenBallsport Leipzig,1,1,1.331650,2.059890,3.391540,-0.728240,0.180100,0.259700,0.560200,True,https://understat.com/league/Bundesliga/2025
30367,Bundesliga,Bundesliga,2025,2025-26,2026-01-27 19:30:00,2026-01-27,Werder Bremen,Hoffenheim,0,2,1.426920,0.567567,1.994487,0.859353,0.601100,0.253800,0.145100,True,https://understat.com/league/Bundesliga/2025
30398,Bundesliga,Bundesliga,2025,2025-26,2026-01-30 19:30:00,2026-01-30,FC Cologne,Wolfsburg,1,0,1.435590,1.346310,2.781900,0.089280,0.391600,0.271000,0.337400,True,https://understat.com/league/Bundesliga/2025
30395,Bundesliga,Bundesliga,2025,2025-26,2026-01-31 14:30:00,2026-01-31,Augsburg,St. Pauli,2,1,2.116990,2.886110,5.003100,-0.769120,0.228000,0.208400,0.563600,True,https://understat.com/league/Bundesliga/2025
30397,Bundesliga,Bundesliga,2025,2025-26,2026-01-31 14:30:00,2026-01-31,Eintracht Frankfurt,Bayer Leverkusen,1,3,1.318490,1.529520,2.848010,-0.211030,0.296600,0.289400,0.414000,True,https://understat.com/league/Bundesliga/2025
30400,Bundesliga,Bundesliga,2025,2025-26,2026-01-31 14:30:00,2026-01-31,Hoffenheim,Union Berlin,3,1,1.506820,1.232750,2.739570,0.274070,0.447000,0.288700,0.264300,True,https://understat.com/league/Bundesliga/2025
30401,Bundesliga,Bundesliga,2025,2025-26,2026-01-31 14:30:00,2026-01-31,RasenBallsport Leipzig,Mainz 05,1,2,2.094220,2.576780,4.671000,-0.482560,0.258900,0.238000,0.503100,True,https://understat.com/league/Bundesliga/2025
30403,Bundesliga,Bundesliga,2025,2025-26,2026-01-31 14:30:00,2026-01-31,Werder Bremen,Borussia M.Gladbach,1,1,0.991152,1.257150,2.248302,-0.265998,0.264000,0.291700,0.444300,True,https://understat.com/league/Bundesliga/2025
30399,Bundesliga,Bundesliga,2025,2025-26,2026-01-31 17:30:00,2026-01-31,Hamburger SV,Bayern Munich,2,2,2.644970,2.289110,4.934080,0.355860,0.473300,0.237400,0.289300,True,https://understat.com/league/Bundesliga/2025
30402,Bundesliga,Bundesliga,2025,2025-26,2026-02-01 14:30:00,2026-02-01,VfB Stuttgart,Freiburg,1,0,2.952030,0.936187,3.888217,2.015843,0.835700,0.111300,0.053000,True,https://understat.com/league/Bundesliga/2025
30396,Bundesliga,Bundesliga,2025,2025-26,2026-02-01 16:30:00,2026-02-01,Borussia Dortmund,FC Heidenheim,3,2,4.138970,3.043240,7.182210,1.095730,0.617200,0.184100,0.198700,True,https://understat.com/league/Bundesliga/2025
30411,Bundesliga,Bundesliga,2025,2025-26,2026-02-06 19:30:00,2026-02-06,Union Berlin,Eintracht Frankfurt,1,1,1.271180,0.296813,1.567993,0.974367,0.708400,0.241500,0.050100,True,https://understat.com/league/Bundesliga/2025
30407,Bundesliga,Bundesliga,2025,2025-26,2026-02-07 14:30:00,2026-02-07,Freiburg,Werder Bremen,1,0,0.364520,1.123320,1.487840,-0.758800,0.103200,0.306100,0.590700,True,https://understat.com/league/Bundesliga/2025
30408,Bundesliga,Bundesliga,2025,2025-26,2026-02-07 14:30:00,2026-02-07,FC Heidenheim,Hamburger SV,0,2,1.046140,1.551060,2.597200,-0.504920,0.222600,0.272400,0.505000,True,https://understat.com/league/Bundesliga/2025
30409,Bundesliga,Bundesliga,2025,2025-26,2026-02-07 14:30:00,2026-02-07,Mainz 05,Augsburg,2,0,3.006560,1.359390,4.365950,1.647170,0.775900,0.143500,0.080600,True,https://understat.com/league/Bundesliga/2025
30410,Bundesliga,Bundesliga,2025,2025-26,2026-02-07 14:30:00,2026-02-07,St. Pauli,VfB Stuttgart,2,1,1.662170,0.912627,2.574797,0.749543,0.577300,0.260400,0.162300,True,https://understat.com/league/Bundesliga/2025
30412,Bundesliga,Bundesliga,2025,2025-26,2026-02-07 14:30:00,2026-02-07,Wolfsburg,Borussia Dortmund,1,2,2.027510,1.706010,3.733520,0.321500,0.457600,0.242500,0.299900,True,https://understat.com/league/Bundesliga/2025
30405,Bundesliga,Bundesliga,2025,2025-26,2026-02-07 17:30:00,2026-02-07,Borussia M.Gladbach,Bayer Leverkusen,1,1,0.783478,0.741257,1.524735,0.042221,0.333800,0.375600,0.290600,True,https://understat.com/league/Bundesliga/2025
30406,Bundesliga,Bundesliga,2025,2025-26,2026-02-08 14:30:00,2026-02-08,FC Cologne,RasenBallsport Leipzig,1,2,1.121670,3.057700,4.179370,-1.936030,0.063500,0.120600,0.815900,True,https://understat.com/league/Bundesliga/2025
30404,Bundesliga,Bundesliga,2025,2025-26,2026-02-08 16:30:00,2026-02-08,Bayern Munich,Hoffenheim,5,1,6.378270,2.668290,9.046560,3.709980,0.940900,0.038100,0.021000,True,https://understat.com/league/Bundesliga/2025
30415,Bundesliga,Bundesliga,2025,2025-26,2026-02-13 19:30:00,2026-02-13,Borussia Dortmund,Mainz 05,4,0,1.810260,1.671990,3.482250,0.138270,0.379800,0.276700,0.343500,True,https://understat.com/league/Bundesliga/2025
30414,Bundesliga,Bundesliga,2025,2025-26,2026-02-14 14:30:00,2026-02-14,Bayer Leverkusen,St. Pauli,4,0,2.260440,0.654783,2.915223,1.605657,0.793200,0.149700,0.057100,True,https://understat.com/league/Bundesliga/2025
30416,Bundesliga,Bundesliga,2025,2025-26,2026-02-14 14:30:00,2026-02-14,Eintracht Frankfurt,Borussia M.Gladbach,3,0,1.987360,1.031550,3.018910,0.955810,0.623000,0.212000,0.165000,True,https://understat.com/league/Bundesliga/2025
30417,Bundesliga,Bundesliga,2025,2025-26,2026-02-14 14:30:00,2026-02-14,Hamburger SV,Union Berlin,3,2,2.203390,2.189660,4.393050,0.013730,0.370300,0.245400,0.384300,True,https://understat.com/league/Bundesliga/2025
30418,Bundesliga,Bundesliga,2025,2025-26,2026-02-14 14:30:00,2026-02-14,Hoffenheim,Freiburg,3,0,1.900520,0.744054,2.644574,1.156466,0.684600,0.207400,0.108000,True,https://understat.com/league/Bundesliga/2025
30421,Bundesliga,Bundesliga,2025,2025-26,2026-02-14 14:30:00,2026-02-14,Werder Bremen,Bayern Munich,0,3,0.779650,1.877130,2.656780,-1.097480,0.107300,0.209400,0.683300,True,https://understat.com/league/Bundesliga/2025
30420,Bundesliga,Bundesliga,2025,2025-26,2026-02-14 17:30:00,2026-02-14,VfB Stuttgart,FC Cologne,3,1,2.562660,1.132460,3.695120,1.430200,0.724300,0.172200,0.103500,True,https://understat.com/league/Bundesliga/2025
30413,Bundesliga,Bundesliga,2025,2025-26,2026-02-15 14:30:00,2026-02-15,Augsburg,FC Heidenheim,1,0,1.876790,0.697774,2.574564,1.179016,0.729700,0.188400,0.081900,True,https://understat.com/league/Bundesliga/2025
30419,Bundesliga,Bundesliga,2025,2025-26,2026-02-15 16:30:00,2026-02-15,RasenBallsport Leipzig,Wolfsburg,2,2,2.510870,0.687761,3.198631,1.823109,0.808600,0.134700,0.056700,True,https://understat.com/league/Bundesliga/2025
30426,Bundesliga,Bundesliga,2025,2025-26,2026-02-20 19:30:00,2026-02-20,Mainz 05,Hamburger SV,1,1,1.752150,0.823398,2.575548,0.928752,0.627100,0.233100,0.139800,True,https://understat.com/league/Bundesliga/2025
30422,Bundesliga,Bundesliga,2025,2025-26,2026-02-21 14:30:00,2026-02-21,Bayern Munich,Eintracht Frankfurt,3,2,2.835180,2.292580,5.127760,0.542600,0.490000,0.234900,0.275100,True,https://understat.com/league/Bundesliga/2025
30423,Bundesliga,Bundesliga,2025,2025-26,2026-02-21 14:30:00,2026-02-21,FC Cologne,Hoffenheim,2,2,1.122520,1.824300,2.946820,-0.701780,0.201100,0.246600,0.552300,True,https://understat.com/league/Bundesliga/2025
30429,Bundesliga,Bundesliga,2025,2025-26,2026-02-21 14:30:00,2026-02-21,Union Berlin,Bayer Leverkusen,1,0,0.757702,1.202740,1.960442,-0.445038,0.213500,0.309600,0.476900,True,https://understat.com/league/Bundesliga/2025
30430,Bundesliga,Bundesliga,2025,2025-26,2026-02-21 14:30:00,2026-02-21,Wolfsburg,Augsburg,2,3,2.175840,1.564270,3.740110,0.611570,0.541800,0.247100,0.211100,True,https://understat.com/league/Bundesliga/2025
30427,Bundesliga,Bundesliga,2025,2025-26,2026-02-21 17:30:00,2026-02-21,RasenBallsport Leipzig,Borussia Dortmund,2,2,3.509340,1.353470,4.862810,2.155870,0.840200,0.102200,0.057600,True,https://understat.com/league/Bundesliga/2025
30424,Bundesliga,Bundesliga,2025,2025-26,2026-02-22 14:30:00,2026-02-22,Freiburg,Borussia M.Gladbach,2,1,1.292340,1.028550,2.320890,0.263790,0.416600,0.324400,0.259000,True,https://understat.com/league/Bundesliga/2025
30428,Bundesliga,Bundesliga,2025,2025-26,2026-02-22 16:30:00,2026-02-22,St. Pauli,Werder Bremen,2,1,0.260698,1.611410,1.872108,-1.350712,0.037500,0.174800,0.787700,True,https://understat.com/league/Bundesliga/2025
30425,Bundesliga,Bundesliga,2025,2025-26,2026-02-22 18:30:00,2026-02-22,FC Heidenheim,VfB Stuttgart,3,3,2.215750,2.275050,4.490800,-0.059300,0.370800,0.264200,0.365000,True,https://understat.com/league/Bundesliga/2025
30431,Bundesliga,Bundesliga,2025,2025-26,2026-02-27 19:30:00,2026-02-27,Augsburg,FC Cologne,2,0,1.558440,0.492698,2.051138,1.065742,0.690000,0.227700,0.082300,True,https://understat.com/league/Bundesliga/2025
30432,Bundesliga,Bundesliga,2025,2025-26,2026-02-28 14:30:00,2026-02-28,Bayer Leverkusen,Mainz 05,1,1,1.948170,0.971400,2.919570,0.976770,0.657800,0.220100,0.122100,True,https://understat.com/league/Bundesliga/2025
30433,Bundesliga,Bundesliga,2025,2025-26,2026-02-28 14:30:00,2026-02-28,Borussia M.Gladbach,Union Berlin,1,0,2.560140,0.137598,2.697738,2.422542,0.951200,0.044200,0.004600,True,https://understat.com/league/Bundesliga/2025
30437,Bundesliga,Bundesliga,2025,2025-26,2026-02-28 14:30:00,2026-02-28,Hoffenheim,St. Pauli,0,1,2.574110,0.946504,3.520614,1.627606,0.766500,0.156000,0.077500,True,https://understat.com/league/Bundesliga/2025
30439,Bundesliga,Bundesliga,2025,2025-26,2026-02-28 14:30:00,2026-02-28,Werder Bremen,FC Heidenheim,2,0,3.478890,1.709190,5.188080,1.769700,0.760200,0.139600,0.100200,True,https://understat.com/league/Bundesliga/2025
30434,Bundesliga,Bundesliga,2025,2025-26,2026-02-28 17:30:00,2026-02-28,Borussia Dortmund,Bayern Munich,2,3,1.397610,1.890160,3.287770,-0.492550,0.239400,0.259800,0.500800,True,https://understat.com/league/Bundesliga/2025
30438,Bundesliga,Bundesliga,2025,2025-26,2026-03-01 14:30:00,2026-03-01,VfB Stuttgart,Wolfsburg,4,0,2.951890,0.865739,3.817629,2.086151,0.832000,0.112600,0.055400,True,https://understat.com/league/Bundesliga/2025
30435,Bundesliga,Bundesliga,2025,2025-26,2026-03-01 16:30:00,2026-03-01,Eintracht Frankfurt,Freiburg,2,0,1.670950,0.641930,2.312880,1.029020,0.657700,0.240600,0.101700,True,https://understat.com/league/Bundesliga/2025
30436,Bundesliga,Bundesliga,2025,2025-26,2026-03-01 18:30:00,2026-03-01,Hamburger SV,RasenBallsport Leipzig,1,2,0.820585,2.289970,3.110555,-1.469385,0.061000,0.176900,0.762100,True,https://understat.com/league/Bundesliga/2025
30371,Bundesliga,Bundesliga,2025,2025-26,2026-03-04 19:30:00,2026-03-04,Hamburger SV,Bayer Leverkusen,0,1,1.286920,2.678740,3.965660,-1.391820,0.092500,0.178200,0.729300,True,https://understat.com/league/Bundesliga/2025
30440,Bundesliga,Bundesliga,2025,2025-26,2026-03-06 19:30:00,2026-03-06,Bayern Munich,Borussia M.Gladbach,4,1,3.119760,1.219930,4.339690,1.899830,0.821400,0.123700,0.054900,True,https://understat.com/league/Bundesliga/2025
30442,Bundesliga,Bundesliga,2025,2025-26,2026-03-07 14:30:00,2026-03-07,Freiburg,Bayer Leverkusen,3,3,2.584090,2.186300,4.770390,0.397790,0.471600,0.236800,0.291600,True,https://understat.com/league/Bundesliga/2025
30443,Bundesliga,Bundesliga,2025,2025-26,2026-03-07 14:30:00,2026-03-07,FC Heidenheim,Hoffenheim,2,4,0.966678,2.793830,3.760508,-1.827152,0.034800,0.123700,0.841500,True,https://understat.com/league/Bundesliga/2025
30444,Bundesliga,Bundesliga,2025,2025-26,2026-03-07 14:30:00,2026-03-07,Mainz 05,VfB Stuttgart,2,2,3.525230,0.920068,4.445298,2.605162,0.902800,0.069000,0.028200,True,https://understat.com/league/Bundesliga/2025
30445,Bundesliga,Bundesliga,2025,2025-26,2026-03-07 14:30:00,2026-03-07,RasenBallsport Leipzig,Augsburg,2,1,2.194350,3.665100,5.859450,-1.470750,0.141600,0.157100,0.701300,True,https://understat.com/league/Bundesliga/2025
30448,Bundesliga,Bundesliga,2025,2025-26,2026-03-07 14:30:00,2026-03-07,Wolfsburg,Hamburger SV,1,2,2.466120,1.804450,4.270570,0.661670,0.537100,0.264800,0.198100,True,https://understat.com/league/Bundesliga/2025
30441,Bundesliga,Bundesliga,2025,2025-26,2026-03-07 17:30:00,2026-03-07,FC Cologne,Borussia Dortmund,1,2,0.964050,1.957400,2.921450,-0.993350,0.153500,0.211000,0.635500,True,https://understat.com/league/Bundesliga/2025
30446,Bundesliga,Bundesliga,2025,2025-26,2026-03-08 14:30:00,2026-03-08,St. Pauli,Eintracht Frankfurt,0,0,0.472285,0.451537,0.923822,0.020748,0.259400,0.484700,0.255900,True,https://understat.com/league/Bundesliga/2025
30447,Bundesliga,Bundesliga,2025,2025-26,2026-03-08 16:30:00,2026-03-08,Union Berlin,Werder Bremen,1,4,1.129980,2.239840,3.369820,-1.109860,0.101900,0.230900,0.667200,True,https://understat.com/league/Bundesliga/2025
30450,Bundesliga,Bundesliga,2025,2025-26,2026-03-13 19:30:00,2026-03-13,Borussia M.Gladbach,St. Pauli,2,0,1.083420,0.628713,1.712133,0.454707,0.475300,0.329200,0.195500,True,https://understat.com/league/Bundesliga/2025
30449,Bundesliga,Bundesliga,2025,2025-26,2026-03-14 14:30:00,2026-03-14,Bayer Leverkusen,Bayern Munich,1,1,2.652550,1.268170,3.920720,1.384380,0.704000,0.177100,0.118900,True,https://understat.com/league/Bundesliga/2025
30451,Bundesliga,Bundesliga,2025,2025-26,2026-03-14 14:30:00,2026-03-14,Borussia Dortmund,Augsburg,2,0,2.490530,0.755745,3.246275,1.734785,0.804400,0.140400,0.055200,True,https://understat.com/league/Bundesliga/2025
30452,Bundesliga,Bundesliga,2025,2025-26,2026-03-14 14:30:00,2026-03-14,Eintracht Frankfurt,FC Heidenheim,1,0,0.725159,0.136174,0.861333,0.588985,0.487300,0.450700,0.062000,True,https://understat.com/league/Bundesliga/2025
30455,Bundesliga,Bundesliga,2025,2025-26,2026-03-14 14:30:00,2026-03-14,Hoffenheim,Wolfsburg,1,1,2.238130,0.221431,2.459561,2.016699,0.906100,0.083100,0.010800,True,https://understat.com/league/Bundesliga/2025
30454,Bundesliga,Bundesliga,2025,2025-26,2026-03-14 17:30:00,2026-03-14,Hamburger SV,FC Cologne,1,1,0.556493,0.984168,1.540661,-0.427675,0.162800,0.365900,0.471300,True,https://understat.com/league/Bundesliga/2025
30457,Bundesliga,Bundesliga,2025,2025-26,2026-03-15 14:30:00,2026-03-15,Werder Bremen,Mainz 05,0,2,0.890006,2.056210,2.946216,-1.166204,0.120800,0.194100,0.685100,True,https://understat.com/league/Bundesliga/2025
30453,Bundesliga,Bundesliga,2025,2025-26,2026-03-15 16:30:00,2026-03-15,Freiburg,Union Berlin,0,1,1.345080,1.000600,2.345680,0.344480,0.427100,0.310100,0.262800,True,https://understat.com/league/Bundesliga/2025
30456,Bundesliga,Bundesliga,2025,2025-26,2026-03-15 18:30:00,2026-03-15,VfB Stuttgart,RasenBallsport Leipzig,1,0,1.931670,1.121780,3.053450,0.809890,0.583000,0.235800,0.181200,True,https://understat.com/league/Bundesliga/2025
30464,Bundesliga,Bundesliga,2025,2025-26,2026-03-20 19:30:00,2026-03-20,RasenBallsport Leipzig,Hoffenheim,5,0,2.906990,0.521404,3.428394,2.385586,0.917200,0.063400,0.019400,True,https://understat.com/league/Bundesliga/2025
30459,Bundesliga,Bundesliga,2025,2025-26,2026-03-21 14:30:00,2026-03-21,Bayern Munich,Union Berlin,4,0,5.933890,0.224572,6.158462,5.709318,0.998800,0.001200,0.000000,True,https://understat.com/league/Bundesliga/2025
30461,Bundesliga,Bundesliga,2025,2025-26,2026-03-21 14:30:00,2026-03-21,FC Cologne,Borussia M.Gladbach,3,3,1.292930,1.081530,2.374460,0.211400,0.404400,0.316600,0.279000,True,https://understat.com/league/Bundesliga/2025
30462,Bundesliga,Bundesliga,2025,2025-26,2026-03-21 14:30:00,2026-03-21,FC Heidenheim,Bayer Leverkusen,3,3,1.737380,1.962870,3.700250,-0.225490,0.315200,0.267800,0.417000,True,https://understat.com/league/Bundesliga/2025
30466,Bundesliga,Bundesliga,2025,2025-26,2026-03-21 14:30:00,2026-03-21,Wolfsburg,Werder Bremen,0,1,1.056860,0.414924,1.471784,0.641936,0.538900,0.329000,0.132100,True,https://understat.com/league/Bundesliga/2025
30460,Bundesliga,Bundesliga,2025,2025-26,2026-03-21 17:30:00,2026-03-21,Borussia Dortmund,Hamburger SV,3,2,6.101870,1.230490,7.332360,4.871380,0.992400,0.005800,0.001800,True,https://understat.com/league/Bundesliga/2025
30463,Bundesliga,Bundesliga,2025,2025-26,2026-03-22 14:30:00,2026-03-22,Mainz 05,Eintracht Frankfurt,2,1,1.383870,1.717480,3.101350,-0.333610,0.279500,0.281000,0.439500,True,https://understat.com/league/Bundesliga/2025
30465,Bundesliga,Bundesliga,2025,2025-26,2026-03-22 16:30:00,2026-03-22,St. Pauli,Freiburg,1,2,1.396530,2.744210,4.140740,-1.347680,0.115100,0.177400,0.707500,True,https://understat.com/league/Bundesliga/2025
30458,Bundesliga,Bundesliga,2025,2025-26,2026-03-22 18:30:00,2026-03-22,Augsburg,VfB Stuttgart,2,5,1.590970,3.870940,5.461910,-2.279970,0.047400,0.096400,0.856200,True,https://understat.com/league/Bundesliga/2025
30467,Bundesliga,Bundesliga,2025,2025-26,2026-04-04 13:30:00,2026-04-04,Bayer Leverkusen,Wolfsburg,6,3,4.595180,2.547120,7.142300,2.048060,0.802500,0.114100,0.083400,True,https://understat.com/league/Bundesliga/2025
30468,Bundesliga,Bundesliga,2025,2025-26,2026-04-04 13:30:00,2026-04-04,Borussia M.Gladbach,FC Heidenheim,2,2,1.091740,0.883368,1.975108,0.208372,0.410600,0.320200,0.269200,True,https://understat.com/league/Bundesliga/2025
30470,Bundesliga,Bundesliga,2025,2025-26,2026-04-04 13:30:00,2026-04-04,Freiburg,Bayern Munich,2,3,2.045850,2.491160,4.537010,-0.445310,0.275000,0.228400,0.496600,True,https://understat.com/league/Bundesliga/2025
30471,Bundesliga,Bundesliga,2025,2025-26,2026-04-04 13:30:00,2026-04-04,Hamburger SV,Augsburg,1,1,1.531080,2.575890,4.106970,-1.044810,0.178400,0.189000,0.632600,True,https://understat.com/league/Bundesliga/2025
30472,Bundesliga,Bundesliga,2025,2025-26,2026-04-04 13:30:00,2026-04-04,Hoffenheim,Mainz 05,1,2,1.517320,2.228930,3.746250,-0.711610,0.183800,0.246700,0.569500,True,https://understat.com/league/Bundesliga/2025
30475,Bundesliga,Bundesliga,2025,2025-26,2026-04-04 13:30:00,2026-04-04,Werder Bremen,RasenBallsport Leipzig,1,2,0.898486,1.613450,2.511936,-0.714964,0.187700,0.238600,0.573700,True,https://understat.com/league/Bundesliga/2025
30473,Bundesliga,Bundesliga,2025,2025-26,2026-04-04 16:30:00,2026-04-04,VfB Stuttgart,Borussia Dortmund,0,2,0.553248,0.764490,1.317738,-0.211242,0.217700,0.385500,0.396800,True,https://understat.com/league/Bundesliga/2025
30474,Bundesliga,Bundesliga,2025,2025-26,2026-04-05 13:30:00,2026-04-05,Union Berlin,St. Pauli,1,1,1.782880,0.325477,2.108357,1.457403,0.780200,0.171000,0.048800,True,https://understat.com/league/Bundesliga/2025
30469,Bundesliga,Bundesliga,2025,2025-26,2026-04-05 15:30:00,2026-04-05,Eintracht Frankfurt,FC Cologne,2,2,2.169980,3.098150,5.268130,-0.928170,0.198900,0.197300,0.603800,True,https://understat.com/league/Bundesliga/2025
30476,Bundesliga,Bundesliga,2025,2025-26,2026-04-10 18:30:00,2026-04-10,Augsburg,Hoffenheim,2,2,2.671990,1.431520,4.103510,1.240470,0.679700,0.184600,0.135700,True,https://understat.com/league/Bundesliga/2025
30477,Bundesliga,Bundesliga,2025,2025-26,2026-04-11 13:30:00,2026-04-11,Borussia Dortmund,Bayer Leverkusen,0,1,1.014230,0.728586,1.742816,0.285644,0.408800,0.338900,0.252300,True,https://understat.com/league/Bundesliga/2025
30479,Bundesliga,Bundesliga,2025,2025-26,2026-04-11 13:30:00,2026-04-11,FC Heidenheim,Union Berlin,3,1,2.112470,1.118850,3.231320,0.993620,0.650000,0.210900,0.139100,True,https://understat.com/league/Bundesliga/2025
30481,Bundesliga,Bundesliga,2025,2025-26,2026-04-11 13:30:00,2026-04-11,RasenBallsport Leipzig,Borussia M.Gladbach,1,0,2.568430,1.662580,4.231010,0.905850,0.589000,0.212600,0.198400,True,https://understat.com/league/Bundesliga/2025
30484,Bundesliga,Bundesliga,2025,2025-26,2026-04-11 13:30:00,2026-04-11,Wolfsburg,Eintracht Frankfurt,1,2,2.262320,1.386940,3.649260,0.875380,0.587300,0.225400,0.187300,True,https://understat.com/league/Bundesliga/2025
30482,Bundesliga,Bundesliga,2025,2025-26,2026-04-11 16:30:00,2026-04-11,St. Pauli,Bayern Munich,0,5,0.355983,4.154470,4.510453,-3.798487,0.002300,0.020600,0.977100,True,https://understat.com/league/Bundesliga/2025
30478,Bundesliga,Bundesliga,2025,2025-26,2026-04-12 13:30:00,2026-04-12,FC Cologne,Werder Bremen,3,1,3.908710,0.870139,4.778849,3.038571,0.965300,0.030200,0.004500,True,https://understat.com/league/Bundesliga/2025
30483,Bundesliga,Bundesliga,2025,2025-26,2026-04-12 15:30:00,2026-04-12,VfB Stuttgart,Hamburger SV,4,0,3.864500,0.417554,4.282054,3.446946,0.966300,0.028000,0.005700,True,https://understat.com/league/Bundesliga/2025
30480,Bundesliga,Bundesliga,2025,2025-26,2026-04-12 17:30:00,2026-04-12,Mainz 05,Freiburg,0,1,0.458085,0.538882,0.996967,-0.080797,0.245300,0.452900,0.301800,True,https://understat.com/league/Bundesliga/2025
30491,Bundesliga,Bundesliga,2025,2025-26,2026-04-17 18:30:00,2026-04-17,St. Pauli,FC Cologne,1,1,2.279800,1.267610,3.547410,1.012190,0.640500,0.222100,0.137400,True,https://understat.com/league/Bundesliga/2025
30485,Bundesliga,Bundesliga,2025,2025-26,2026-04-18 13:30:00,2026-04-18,Bayer Leverkusen,Augsburg,1,2,3.731070,1.297430,5.028500,2.433640,0.862100,0.094600,0.043300,True,https://understat.com/league/Bundesliga/2025
30490,Bundesliga,Bundesliga,2025,2025-26,2026-04-18 13:30:00,2026-04-18,Hoffenheim,Borussia Dortmund,2,1,2.224580,1.282920,3.507500,0.941660,0.641500,0.232200,0.126300,True,https://understat.com/league/Bundesliga/2025
30492,Bundesliga,Bundesliga,2025,2025-26,2026-04-18 13:30:00,2026-04-18,Union Berlin,Wolfsburg,1,2,2.388810,0.234930,2.623740,2.153880,0.880900,0.103400,0.015700,True,https://understat.com/league/Bundesliga/2025
30493,Bundesliga,Bundesliga,2025,2025-26,2026-04-18 13:30:00,2026-04-18,Werder Bremen,Hamburger SV,3,1,1.602570,0.914249,2.516819,0.688321,0.550500,0.260900,0.188600,True,https://understat.com/league/Bundesliga/2025
30488,Bundesliga,Bundesliga,2025,2025-26,2026-04-18 16:30:00,2026-04-18,Eintracht Frankfurt,RasenBallsport Leipzig,1,3,1.403410,2.021220,3.424630,-0.617810,0.241300,0.236500,0.522200,True,https://understat.com/league/Bundesliga/2025
30489,Bundesliga,Bundesliga,2025,2025-26,2026-04-19 13:30:00,2026-04-19,Freiburg,FC Heidenheim,2,1,2.137660,1.744260,3.881920,0.393400,0.467800,0.235600,0.296600,True,https://understat.com/league/Bundesliga/2025
30486,Bundesliga,Bundesliga,2025,2025-26,2026-04-19 15:30:00,2026-04-19,Bayern Munich,VfB Stuttgart,4,2,5.110140,1.260380,6.370520,3.849760,0.962700,0.027800,0.009500,True,https://understat.com/league/Bundesliga/2025
30487,Bundesliga,Bundesliga,2025,2025-26,2026-04-19 17:30:00,2026-04-19,Borussia M.Gladbach,Mainz 05,1,1,1.111340,2.461950,3.573290,-1.350610,0.105900,0.181200,0.712900,True,https://understat.com/league/Bundesliga/2025
30500,Bundesliga,Bundesliga,2025,2025-26,2026-04-24 18:30:00,2026-04-24,RasenBallsport Leipzig,Union Berlin,3,1,4.535450,0.372365,4.907815,4.163085,0.990400,0.008100,0.001500,True,https://understat.com/league/Bundesliga/2025
30494,Bundesliga,Bundesliga,2025,2025-26,2026-04-25 13:30:00,2026-04-25,Augsburg,Eintracht Frankfurt,1,1,2.138720,0.854238,2.992958,1.284482,0.706800,0.181300,0.111900,True,https://understat.com/league/Bundesliga/2025
30496,Bundesliga,Bundesliga,2025,2025-26,2026-04-25 13:30:00,2026-04-25,FC Cologne,Bayer Leverkusen,1,2,3.499450,1.857490,5.356940,1.641960,0.731700,0.157500,0.110800,True,https://understat.com/league/Bundesliga/2025
30498,Bundesliga,Bundesliga,2025,2025-26,2026-04-25 13:30:00,2026-04-25,FC Heidenheim,St. Pauli,2,0,2.172340,1.177530,3.349870,0.994810,0.637400,0.217600,0.145000,True,https://understat.com/league/Bundesliga/2025
30499,Bundesliga,Bundesliga,2025,2025-26,2026-04-25 13:30:00,2026-04-25,Mainz 05,Bayern Munich,3,4,3.224030,2.361940,5.585970,0.862090,0.591500,0.205700,0.202800,True,https://understat.com/league/Bundesliga/2025
30502,Bundesliga,Bundesliga,2025,2025-26,2026-04-25 13:30:00,2026-04-25,Wolfsburg,Borussia M.Gladbach,0,0,1.611160,0.473153,2.084313,1.138007,0.681100,0.230300,0.088600,True,https://understat.com/league/Bundesliga/2025
30497,Bundesliga,Bundesliga,2025,2025-26,2026-04-25 16:30:00,2026-04-25,Hamburger SV,Hoffenheim,1,2,1.482610,2.428620,3.911230,-0.946010,0.172900,0.216300,0.610800,True,https://understat.com/league/Bundesliga/2025
30501,Bundesliga,Bundesliga,2025,2025-26,2026-04-26 13:30:00,2026-04-26,VfB Stuttgart,Werder Bremen,1,1,1.996810,0.958992,2.955802,1.037818,0.632800,0.216600,0.150600,True,https://understat.com/league/Bundesliga/2025
30495,Bundesliga,Bundesliga,2025,2025-26,2026-04-26 15:30:00,2026-04-26,Borussia Dortmund,Freiburg,4,0,3.093060,0.496971,3.590031,2.596089,0.924900,0.059800,0.015300,True,https://understat.com/league/Bundesliga/2025
30504,Bundesliga,Bundesliga,2025,2025-26,2026-05-02 13:30:00,2026-05-02,Bayern Munich,FC Heidenheim,3,3,1.879730,2.481970,4.361700,-0.602240,0.215100,0.241100,0.543800,True,https://understat.com/league/Bundesliga/2025
30506,Bundesliga,Bundesliga,2025,2025-26,2026-05-02 13:30:00,2026-05-02,Eintracht Frankfurt,Hamburger SV,1,2,0.992322,0.627209,1.619531,0.365113,0.433500,0.346100,0.220400,True,https://understat.com/league/Bundesliga/2025
30508,Bundesliga,Bundesliga,2025,2025-26,2026-05-02 13:30:00,2026-05-02,Hoffenheim,VfB Stuttgart,3,3,2.639900,1.761530,4.401430,0.878370,0.594100,0.214200,0.191700,True,https://understat.com/league/Bundesliga/2025
30510,Bundesliga,Bundesliga,2025,2025-26,2026-05-02 13:30:00,2026-05-02,Union Berlin,FC Cologne,2,2,0.887532,1.695800,2.583332,-0.808268,0.148600,0.252100,0.599300,True,https://understat.com/league/Bundesliga/2025
30511,Bundesliga,Bundesliga,2025,2025-26,2026-05-02 13:30:00,2026-05-02,Werder Bremen,Augsburg,1,3,0.814452,3.236250,4.050702,-2.421798,0.030700,0.080100,0.889200,True,https://understat.com/league/Bundesliga/2025
30503,Bundesliga,Bundesliga,2025,2025-26,2026-05-02 16:30:00,2026-05-02,Bayer Leverkusen,RasenBallsport Leipzig,4,1,5.417330,1.497330,6.914660,3.920000,0.962000,0.027500,0.010500,True,https://understat.com/league/Bundesliga/2025
30509,Bundesliga,Bundesliga,2025,2025-26,2026-05-03 13:30:00,2026-05-03,St. Pauli,Mainz 05,1,2,1.086640,2.806720,3.893360,-1.720080,0.084500,0.138200,0.777300,True,https://understat.com/league/Bundesliga/2025
30505,Bundesliga,Bundesliga,2025,2025-26,2026-05-03 15:30:00,2026-05-03,Borussia M.Gladbach,Borussia Dortmund,1,0,2.682450,0.428100,3.110550,2.254350,0.896900,0.079600,0.023500,True,https://understat.com/league/Bundesliga/2025
30507,Bundesliga,Bundesliga,2025,2025-26,2026-05-03 17:30:00,2026-05-03,Freiburg,Wolfsburg,1,1,0.947988,1.110860,2.058848,-0.162872,0.297200,0.329800,0.373000,True,https://understat.com/league/Bundesliga/2025
30513,Bundesliga,Bundesliga,2025,2025-26,2026-05-08 18:30:00,2026-05-08,Borussia Dortmund,Eintracht Frankfurt,3,2,2.949880,0.942523,3.892403,2.007357,0.844000,0.116400,0.039600,True,https://understat.com/league/Bundesliga/2025
30512,Bundesliga,Bundesliga,2025,2025-26,2026-05-09 13:30:00,2026-05-09,Augsburg,Borussia M.Gladbach,3,1,2.802440,1.054930,3.857370,1.747510,0.796500,0.135000,0.068500,True,https://understat.com/league/Bundesliga/2025
30516,Bundesliga,Bundesliga,2025,2025-26,2026-05-09 13:30:00,2026-05-09,Hoffenheim,Werder Bremen,1,0,1.289650,1.452720,2.742370,-0.163070,0.315100,0.274700,0.410200,True,https://understat.com/league/Bundesliga/2025
30518,Bundesliga,Bundesliga,2025,2025-26,2026-05-09 13:30:00,2026-05-09,RasenBallsport Leipzig,St. Pauli,2,1,2.329090,0.945954,3.275044,1.383136,0.754900,0.172800,0.072300,True,https://understat.com/league/Bundesliga/2025
30519,Bundesliga,Bundesliga,2025,2025-26,2026-05-09 13:30:00,2026-05-09,VfB Stuttgart,Bayer Leverkusen,3,1,3.428910,0.631905,4.060815,2.797005,0.939400,0.049900,0.010700,True,https://understat.com/league/Bundesliga/2025
30520,Bundesliga,Bundesliga,2025,2025-26,2026-05-09 16:30:00,2026-05-09,Wolfsburg,Bayern Munich,0,1,3.268780,1.905400,5.174180,1.363380,0.695600,0.165800,0.138600,True,https://understat.com/league/Bundesliga/2025
30515,Bundesliga,Bundesliga,2025,2025-26,2026-05-10 13:30:00,2026-05-10,Hamburger SV,Freiburg,3,2,2.022280,0.583605,2.605885,1.438675,0.766600,0.175900,0.057500,True,https://understat.com/league/Bundesliga/2025
30514,Bundesliga,Bundesliga,2025,2025-26,2026-05-10 15:30:00,2026-05-10,FC Cologne,FC Heidenheim,1,3,1.514860,2.044890,3.559750,-0.530030,0.245800,0.245200,0.509000,True,https://understat.com/league/Bundesliga/2025
30517,Bundesliga,Bundesliga,2025,2025-26,2026-05-10 17:30:00,2026-05-10,Mainz 05,Union Berlin,1,3,2.099830,2.941550,5.041380,-0.841720,0.230900,0.199500,0.569600,True,https://understat.com/league/Bundesliga/2025
30521,Bundesliga,Bundesliga,2025,2025-26,2026-05-16 13:30:00,2026-05-16,Bayer Leverkusen,Hamburger SV,1,1,3.085710,1.630490,4.716200,1.455220,0.697900,0.165900,0.136200,True,https://understat.com/league/Bundesliga/2025
30522,Bundesliga,Bundesliga,2025,2025-26,2026-05-16 13:30:00,2026-05-16,Bayern Munich,FC Cologne,5,1,2.815150,0.880203,3.695353,1.934947,0.814700,0.130500,0.054800,True,https://understat.com/league/Bundesliga/2025
30523,Bundesliga,Bundesliga,2025,2025-26,2026-05-16 13:30:00,2026-05-16,Borussia M.Gladbach,Hoffenheim,4,0,0.845598,1.772860,2.618458,-0.927262,0.132500,0.231800,0.635700,True,https://understat.com/league/Bundesliga/2025
30524,Bundesliga,Bundesliga,2025,2025-26,2026-05-16 13:30:00,2026-05-16,Eintracht Frankfurt,VfB Stuttgart,2,2,2.992310,1.810130,4.802440,1.182180,0.675800,0.191200,0.133000,True,https://understat.com/league/Bundesliga/2025
30525,Bundesliga,Bundesliga,2025,2025-26,2026-05-16 13:30:00,2026-05-16,Freiburg,RasenBallsport Leipzig,4,1,2.543920,1.513410,4.057330,1.030510,0.641400,0.198900,0.159700,True,https://understat.com/league/Bundesliga/2025
30526,Bundesliga,Bundesliga,2025,2025-26,2026-05-16 13:30:00,2026-05-16,FC Heidenheim,Mainz 05,0,2,3.038130,3.908340,6.946470,-0.870210,0.227500,0.194000,0.578500,True,https://understat.com/league/Bundesliga/2025
30527,Bundesliga,Bundesliga,2025,2025-26,2026-05-16 13:30:00,2026-05-16,St. Pauli,Wolfsburg,1,3,1.987220,4.064900,6.052120,-2.077680,0.067800,0.118400,0.813800,True,https://understat.com/league/Bundesliga/2025
30528,Bundesliga,Bundesliga,2025,2025-26,2026-05-16 13:30:00,2026-05-16,Union Berlin,Augsburg,4,0,2.451250,0.506181,2.957431,1.945069,0.872000,0.098000,0.030000,True,https://understat.com/league/Bundesliga/2025
30529,Bundesliga,Bundesliga,2025,2025-26,2026-05-16 13:30:00,2026-05-16,Werder Bremen,Borussia Dortmund,0,2,0.530615,3.374130,3.904745,-2.843515,0.014300,0.047000,0.938700,True,https://understat.com/league/Bundesliga/2025
