TeamName,StadiumName,Latitude,Longitude,Promotee
Augsburg,WWK Arena,48.3233,10.8862,0
Bayern Munich,Allianz Arena,48.2188,11.6247,0
Dortmund,Signal Iduna Park,51.4926,7.4518,0
Ein Frankfurt,Deutsche Bank Park,50.0686,8.6455,0
FC Koln,RheinEnergieStadion,50.9335,6.875,1
Freiburg,Europa-Park Stadion,48.0214,7.8298,0
Hamburg,Volksparkstadion,53.5872,9.8986,1
Heidenheim,Voith-Arena,48.6685,10.1393,0
Hoffenheim,PreZero Arena,49.238,8.8876,0
Leverkusen,BayArena,51.0381,7.0022,0
M'gladbach,Borussia-Park,51.1746,6.3855,0
Mainz,Mewa Arena,49.9841,8.2241,0
RB Leipzig,Red Bull Arena,51.3459,12.3482,0
St Pauli,Millerntor-Stadion,53.5546,9.9677,0
Stuttgart,MHPArena,48.7922,9.232,0
Union Berlin,Alte Foersterei,52.4574,13.5681,0
Werder Bremen,Weserstadion,53.0664,8.8376,0
Wolfsburg,Volkswagen Arena,52.4329,10.8038,0
