TeamName,StadiumName,Latitude,Longitude,Promotee,Island
Atalanta,Gewiss Stadium,45.709,9.6809,0,0
Bologna,Renato Dall'Ara,44.4925,11.3097,0,0
Cagliari,Unipol Domus,39.1996,9.1373,0,1
Como,Giuseppe Sinigaglia,45.8126,9.0721,1,0
Empoli,Carlo Castellani,43.7264,10.9553,0,0
Fiorentina,Artemio Franchi,43.7808,11.2822,0,0
Genoa,Luigi Ferraris,44.4164,8.9523,0,0
Inter,San Siro,45.4781,9.124,0,0
Juventus,Allianz Stadium,45.1096,7.6413,0,0
Lazio,Olimpico,41.9339,12.4547,0,0
Lecce,Via del Mare,40.3654,18.2089,0,0
Milan,San Siro,45.4781,9.124,0,0
Monza,U-Power Stadium,45.5829,9.308,0,0
Napoli,Diego Armando Maradona,40.8279,14.1931,0,0
Parma,Ennio Tardini,44.795,10.3384,1,0
Roma,Olimpico,41.9339,12.4547,0,0
Torino,Olimpico Grande Torino,45.0419,7.6501,0,0
Udinese,Bluenergy Stadium,46.0816,13.2001,0,0
Venezia,Pier Luigi Penzo,45.4276,12.3637,1,0
Verona,Bentegodi,45.4353,10.9686,0,0
