season,last_match_before,first_match_after,type
2223,2022-09-18,2022-09-30,international
2223,2022-11-13,2022-12-26,world_cup
2223,2023-03-19,2023-03-31,international
2324,2023-09-03,2023-09-15,international
2324,2023-10-08,2023-10-20,international
2324,2023-11-12,2023-11-24,international
2324,2024-03-17,2024-03-29,international
2425,2024-09-01,2024-09-13,international
2425,2024-10-06,2024-10-18,international
2425,2024-11-10,2024-11-22,international
2425,2025-03-16,2025-03-27,international
2526,2025-08-31,2025-09-12,international
2526,2025-10-05,2025-10-17,international
2526,2025-11-09,2025-11-21,international
2526,2026-03-22,2026-04-03,international
