TeamName,StadiumName,Latitude,Longitude,Promotee,Island,Top3Last
Arsenal,Emirates Stadium,51.5549,-0.1084,0,0,1
Aston Villa,Villa Park,52.5091,-1.8849,0,0,0
Bournemouth,Vitality Stadium,50.7352,-1.8384,0,0,0
Brentford,Gtech Community Stadium,51.4907,-0.2888,0,0,0
Brighton,Amex Stadium,50.8609,-0.0851,0,0,0
Burnley,Turf Moor,53.7889,-2.2302,1,0,0
Chelsea,Stamford Bridge,51.4817,-0.191,0,0,0
Crystal Palace,Selhurst Park,51.3983,-0.0854,0,0,0
Everton,Goodison Park,53.4388,-2.9662,0,0,0
Fulham,Craven Cottage,51.475,-0.2218,0,0,0
Liverpool,Anfield,53.4308,-2.9608,0,0,0
Luton,Kenilworth Road,51.8843,-0.4317,1,0,0
Man City,Etihad Stadium,53.4831,-2.2004,0,0,1
Man United,Old Trafford,53.4631,-2.2913,0,0,1
Newcastle,St James' Park,54.9756,-1.6217,0,0,0
Nott'm Forest,City Ground,52.94,-1.1328,0,0,0
Sheffield United,Bramall Lane,53.3704,-1.4709,1,0,0
Tottenham,Tottenham Hotspur Stadium,51.6043,-0.0661,0,0,0
West Ham,London Stadium,51.5384,-0.0167,0,0,0
Wolves,Molineux Stadium,52.5902,-2.1305,0,0,0
