team,clubelo
Ajaccio,Ajaccio
Alaves,Alaves
Albacete,Albacete
Alcorcon,Alcorcon
Almeria,Almeria
Amiens,Amiens
Amorebieta,Amorebieta
Andorra,Andorra CF
Angers,Angers
Annecy,Annecy
Ascoli,Ascoli
Auxerre,Auxerre
Avellino,Avellino
Bari,Bari
Bastia,Bastia
Benevento,Benevento
Bielefeld,Bielefeld
Birmingham,Birmingham
Blackburn,Blackburn
Blackpool,Blackpool
Bochum,Bochum
Bordeaux,Bordeaux
Boulogne,Boulogne
Braunschweig,Braunschweig
Brescia,Brescia
Bristol City,Bristol City
Burgos,Burgos
Burnley,Burnley
Cadiz,Cadiz
Caen,Caen
Cagliari,Cagliari
Cardiff,Cardiff
Carrarese,Carrarese
Cartagena,Cartagena
Castellon,Castellon
Catanzaro,Catanzaro
Cesena,Cesena
Ceuta,Ceuta
Charlton,Charlton
Cittadella,Cittadella
Clermont,Clermont
Como,Como
Concarneau,Concarneau
Cordoba,Cordoba
Cosenza,Cosenza
Coventry,Coventry
Cremonese,Cremonese
Cultural Leonesa,Leonesa
Darmstadt,Darmstadt
Derby,Derby
Dijon,Dijon
Dresden,Dresden
Dunkerque,Dunkerque
Eibar,Eibar
Elche,Elche
Eldense,Eldense
Elversberg,Elversberg
Empoli,Empoli
Espanol,Espanyol
FC Koln,Koeln
FeralpiSalo,Feralpisalo
Ferrol,Ferrol
Fortuna Dusseldorf,Duesseldorf
Frosinone,Frosinone
Genoa,Genoa
Granada,Granada
Grenoble,Grenoble
Greuther Furth,Fuerth
Guingamp,Guingamp
Hamburg,Hamburg
Hannover,Hannover
Hansa Rostock,Rostock
Heidenheim,Heidenheim
Hertha,Hertha
Holstein Kiel,Holstein
Huddersfield,Huddersfield
Huesca,Huesca
Hull,Hull
Ibiza,Ibiza Eivissa
Ipswich,Ipswich
Juve Stabia,Juve Stabia
Kaiserslautern,Lautern
Karlsruhe,Karlsruhe
La Coruna,Depor
Las Palmas,Las Palmas
Laval,Laval
Le Havre,Le Havre
Le Mans,Le Mans
Lecco,Lecco
Leeds,Leeds
Leganes,Leganes
Leicester,Leicester
Levante,Levante
Lorient,Lorient
Lugo,Lugo
Luton,Luton
Magdeburg,Magdeburg
Malaga,Malaga
Mantova,Mantova
Martigues,Martigues
Metz,Metz
Middlesbrough,Middlesbrough
Millwall,Millwall
Mirandes,Mirandes
Modena,Modena
Montpellier,Montpellier
Monza,Monza
Nancy,Nancy
Nimes,Nimes
Niort,Niort
Norwich,Norwich
Nurnberg,Nuernberg
Osnabruck,Osnabrueck
Oviedo,Oviedo
Oxford,Oxford
Paderborn,Paderborn
Padova,Padova
Palermo,Palermo
Paris FC,Paris FC
Parma,Parma
Pau FC,Pau
Perugia,Perugia
Pescara,Pescara
Pisa,Pisa
Plymouth,Plymouth
Ponferradina,Ponferradina
Portsmouth,Portsmouth
Preston,Preston
Preußen Münster,Muenster
QPR,QPR
Quevilly Rouen,US Quevilly
Reading,Reading
Red Star,Red Star
Regensburg,Regensburg
Reggiana,Reggiana
Reggina,Reggina
Reims,Reims
Rodez,Rodez
Rotherham,Rotherham
Salernitana,Salernitana
Sampdoria,Sampdoria
Sandhausen,Sandhausen
Santander,Santander
Sassuolo,Sassuolo
Schalke 04,Schalke
Sheffield United,Sheffield United
Sheffield Weds,Sheffield Weds
Sochaux,Sochaux
Sociedad B,Sociedad B
Southampton,Southampton
Sp Gijon,Gijon
Spal,Spal
Spezia,Spezia
St Etienne,Saint-Etienne
St Pauli,St Pauli
Stoke,Stoke
Sudtirol,Suedtirol
Sunderland,Sunderland
Swansea,Swansea
Tenerife,Tenerife
Ternana,Ternana
Troyes,Troyes
Ulm,Ulm
Valenciennes,Valenciennes
Valladolid,Valladolid
Venezia,Venezia
Villarreal B,Villarreal B
Virtus Entella,Entella
Watford,Watford
Wehen,Wehen
West Brom,West Brom
Wigan,Wigan
Wrexham,Wrexham
Zaragoza,Zaragoza
