team,clubelo,slug
Ascoli,Ascoli,
Avellino,Avellino,
Bari,Bari,
Benevento,Benevento,
Brescia,Brescia,
Cagliari,Cagliari,Cagliari
Carrarese,Carrarese,
Catanzaro,Catanzaro,
Cesena,Cesena,
Cittadella,Cittadella,
Como,Como,Como
Cosenza,Cosenza,
Cremonese,Cremonese,Cremonese
Empoli,Empoli,
FeralpiSalo,Feralpisalo,
Frosinone,Frosinone,Frosinone
Genoa,Genoa,Genoa
Juve Stabia,Juve Stabia,
Lecco,Lecco,
Mantova,Mantova,
Modena,Modena,
Monza,Monza,Monza
Padova,Padova,
Palermo,Palermo,
Parma,Parma,parma-calcio-1913
Perugia,Perugia,
Pescara,Pescara,
Pisa,Pisa,
Reggiana,Reggiana,
Reggina,Reggina,
Salernitana,Salernitana,
Sampdoria,Sampdoria,
Sassuolo,Sassuolo,Sassuolo
Spal,Spal,
Spezia,Spezia,
Sudtirol,Suedtirol,
Ternana,Ternana,
Venezia,Venezia,venezia-fc
Virtus Entella,Entella,
