team,understat
Ajaccio,Ajaccio
Alaves,Alaves
Almeria,Almeria
Angers,Angers
Arsenal,Arsenal
Aston Villa,Aston Villa
Atalanta,Atalanta
Ath Bilbao,Athletic Club
Ath Madrid,Atletico Madrid
Augsburg,Augsburg
Auxerre,Auxerre
Barcelona,Barcelona
Bayern Munich,Bayern Munich
Betis,Real Betis
Bochum,Bochum
Bologna,Bologna
Bournemouth,Bournemouth
Brentford,Brentford
Brest,Brest
Brighton,Brighton
Burnley,Burnley
Cadiz,Cadiz
Cagliari,Cagliari
Celta,Celta Vigo
Chelsea,Chelsea
Clermont,Clermont Foot
Como,Como
Cremonese,Cremonese
Crystal Palace,Crystal Palace
Darmstadt,Darmstadt
Dortmund,Borussia Dortmund
Ein Frankfurt,Eintracht Frankfurt
Elche,Elche
Empoli,Empoli
Espanol,Espanyol
Everton,Everton
FC Koln,FC Cologne
Fiorentina,Fiorentina
Freiburg,Freiburg
Frosinone,Frosinone
Fulham,Fulham
Genoa,Genoa
Getafe,Getafe
Girona,Girona
Granada,Granada
Hamburg,Hamburger SV
Heidenheim,FC Heidenheim
Hertha,Hertha Berlin
Hoffenheim,Hoffenheim
Holstein Kiel,Holstein Kiel
Inter,Inter
Ipswich,Ipswich
Juventus,Juventus
Las Palmas,Las Palmas
Lazio,Lazio
Le Havre,Le Havre
Lecce,Lecce
Leeds,Leeds
Leganes,Leganes
Leicester,Leicester
Lens,Lens
Levante,Levante
Leverkusen,Bayer Leverkusen
Lille,Lille
Liverpool,Liverpool
Lorient,Lorient
Luton,Luton
Lyon,Lyon
M'gladbach,Borussia M.Gladbach
Mainz,Mainz 05
Mallorca,Mallorca
Man City,Manchester City
Man United,Manchester United
Marseille,Marseille
Metz,Metz
Milan,AC Milan
Monaco,Monaco
Montpellier,Montpellier
Monza,Monza
Nantes,Nantes
Napoli,Napoli
Newcastle,Newcastle United
Nice,Nice
Nott'm Forest,Nottingham Forest
Osasuna,Osasuna
Oviedo,Real Oviedo
Paris FC,Paris FC
Paris SG,Paris Saint Germain
Parma,Parma Calcio 1913
Pisa,Pisa
RB Leipzig,RasenBallsport Leipzig
Real Madrid,Real Madrid
Reims,Reims
Rennes,Rennes
Roma,Roma
Salernitana,Salernitana
Sampdoria,Sampdoria
Sassuolo,Sassuolo
Schalke 04,Schalke 04
Sevilla,Sevilla
Sheffield United,Sheffield United
Sociedad,Real Sociedad
Southampton,Southampton
Spezia,Spezia
St Etienne,Saint-Etienne
St Pauli,St. Pauli
Strasbourg,Strasbourg
Stuttgart,VfB Stuttgart
Sunderland,Sunderland
Torino,Torino
Tottenham,Tottenham
Toulouse,Toulouse
Troyes,Troyes
Udinese,Udinese
Union Berlin,Union Berlin
Valencia,Valencia
Valladolid,Real Valladolid
Vallecano,Rayo Vallecano
Venezia,Venezia
Verona,Verona
Villarreal,Villarreal
Werder Bremen,Werder Bremen
West Ham,West Ham
Wolfsburg,Wolfsburg
Wolves,Wolverhampton Wanderers
